,teamId,win,firstBlood,firstBaron,firstDragon,inhibitorKills,baronKills,dragonKills
0,100,Fail,FALSE,FALSE,TRUE,0,0,3
1,100,Fail,TRUE,FALSE,FALSE,0,0,0
2,100,Win,TRUE,FALSE,TRUE,0,0,3
3,100,Fail,FALSE,FALSE,TRUE,0,0,1
4,100,Fail,FALSE,FALSE,FALSE,0,0,1
5,100,Win,FALSE,FALSE,FALSE,0,0,1
6,100,Fail,TRUE,FALSE,FALSE,0,0,0
7,100,Win,TRUE,FALSE,FALSE,0,0,1
8,100,Fail,FALSE,FALSE,FALSE,0,0,0
9,100,Win,TRUE,TRUE,TRUE,1,1,2
10,100,Win,TRUE,FALSE,TRUE,0,0,4
11,100,Win,TRUE,TRUE,FALSE,1,1,1
12,100,Win,TRUE,TRUE,FALSE,0,1,2
13,100,Fail,FALSE,FALSE,FALSE,0,0,0
14,100,Win,FALSE,TRUE,FALSE,1,1,1
15,100,Fail,TRUE,FALSE,TRUE,0,0,2
16,100,Fail,FALSE,FALSE,FALSE,0,0,0
17,100,Win,TRUE,TRUE,FALSE,3,2,5
18,100,Fail,TRUE,FALSE,FALSE,0,0,1
19,100,Fail,TRUE,FALSE,TRUE,0,0,1
20,100,Win,FALSE,TRUE,TRUE,2,1,3
21,100,Fail,TRUE,FALSE,FALSE,0,0,0
22,100,Win,TRUE,FALSE,FALSE,1,0,1
23,100,Win,TRUE,TRUE,FALSE,1,1,1
24,100,Win,TRUE,FALSE,FALSE,0,0,1
25,100,Win,FALSE,FALSE,TRUE,0,0,4
26,100,Win,TRUE,FALSE,TRUE,0,0,2
27,100,Win,TRUE,FALSE,TRUE,0,0,2
28,100,Fail,TRUE,FALSE,TRUE,0,0,2
29,100,Fail,FALSE,FALSE,FALSE,0,0,0
30,100,Win,TRUE,TRUE,FALSE,1,2,4
31,100,Win,FALSE,FALSE,FALSE,1,0,1
32,100,Fail,FALSE,FALSE,FALSE,0,0,0
33,100,Win,TRUE,FALSE,TRUE,3,1,2
34,100,Win,TRUE,FALSE,TRUE,1,0,2
35,100,Fail,FALSE,FALSE,TRUE,0,0,1
36,100,Win,TRUE,TRUE,TRUE,0,1,2
37,100,Win,TRUE,TRUE,TRUE,2,1,2
38,100,Win,TRUE,FALSE,TRUE,2,0,4
39,100,Win,TRUE,FALSE,TRUE,1,0,2
40,100,Fail,FALSE,FALSE,FALSE,0,0,0
41,100,Fail,FALSE,TRUE,FALSE,1,1,1
42,100,Fail,TRUE,FALSE,FALSE,0,0,0
43,100,Fail,FALSE,FALSE,FALSE,0,0,2
44,100,Win,FALSE,TRUE,TRUE,0,1,2
45,100,Win,FALSE,TRUE,FALSE,1,1,1
46,100,Win,TRUE,FALSE,FALSE,2,0,1
47,100,Win,TRUE,FALSE,FALSE,1,0,0
48,100,Win,FALSE,FALSE,TRUE,1,0,3
49,100,Fail,TRUE,FALSE,TRUE,0,0,2
50,100,Fail,FALSE,FALSE,FALSE,3,0,0
51,100,Fail,TRUE,FALSE,FALSE,0,0,0
52,100,Fail,FALSE,FALSE,TRUE,0,0,1
53,100,Win,TRUE,TRUE,TRUE,1,1,3
54,100,Win,TRUE,FALSE,TRUE,0,0,3
55,100,Fail,TRUE,FALSE,FALSE,0,0,0
56,100,Win,TRUE,TRUE,TRUE,2,1,3
57,100,Fail,TRUE,FALSE,FALSE,0,0,0
58,100,Win,TRUE,FALSE,TRUE,3,0,2
59,100,Win,TRUE,TRUE,FALSE,1,1,2
60,100,Win,TRUE,FALSE,TRUE,1,0,2
61,100,Fail,FALSE,FALSE,FALSE,0,0,0
62,100,Fail,TRUE,FALSE,FALSE,0,0,2
63,100,Fail,FALSE,FALSE,FALSE,0,0,0
64,100,Win,TRUE,FALSE,FALSE,1,0,1
65,100,Fail,TRUE,FALSE,FALSE,0,0,0
66,100,Win,TRUE,TRUE,TRUE,1,1,4
67,100,Fail,FALSE,FALSE,FALSE,0,0,0
68,100,Fail,FALSE,FALSE,FALSE,0,0,1
69,100,Win,FALSE,FALSE,TRUE,0,0,1
70,100,Fail,FALSE,FALSE,TRUE,0,0,1
71,100,Fail,TRUE,FALSE,TRUE,0,0,1
72,100,Fail,FALSE,FALSE,FALSE,0,0,0
73,100,Fail,FALSE,FALSE,FALSE,0,0,0
74,100,Fail,FALSE,FALSE,FALSE,0,0,1
75,100,Win,TRUE,TRUE,TRUE,1,1,4
76,100,Win,TRUE,TRUE,TRUE,1,1,2
77,100,Fail,FALSE,FALSE,TRUE,0,0,3
78,100,Win,TRUE,FALSE,TRUE,0,0,1
79,100,Fail,FALSE,FALSE,TRUE,0,0,3
80,100,Win,FALSE,FALSE,FALSE,0,0,0
81,100,Win,FALSE,TRUE,FALSE,0,1,2
82,100,Fail,FALSE,FALSE,FALSE,0,0,0
83,100,Win,FALSE,FALSE,FALSE,0,0,1
84,100,Win,TRUE,FALSE,TRUE,2,0,2
85,100,Fail,TRUE,FALSE,FALSE,0,0,0
86,100,Win,FALSE,FALSE,TRUE,1,1,5
87,100,Win,TRUE,TRUE,FALSE,1,1,1
88,100,Win,FALSE,TRUE,FALSE,1,1,3
89,100,Fail,TRUE,FALSE,FALSE,0,0,1
90,100,Fail,FALSE,FALSE,FALSE,0,0,0
91,100,Win,FALSE,FALSE,FALSE,0,0,2
92,100,Win,FALSE,TRUE,TRUE,1,1,4
93,100,Fail,FALSE,FALSE,FALSE,0,0,0
94,100,Fail,TRUE,TRUE,FALSE,0,1,2
95,100,Win,TRUE,FALSE,FALSE,1,0,2
96,100,Fail,FALSE,TRUE,FALSE,1,1,1
97,100,Win,TRUE,TRUE,TRUE,3,1,3
98,100,Win,TRUE,FALSE,TRUE,2,0,1
99,100,Fail,TRUE,FALSE,FALSE,0,0,0
100,100,Win,FALSE,FALSE,TRUE,1,0,2
101,100,Fail,FALSE,FALSE,FALSE,0,0,1
102,100,Win,TRUE,TRUE,TRUE,1,1,3
103,100,Fail,TRUE,FALSE,TRUE,0,0,1
104,100,Win,FALSE,FALSE,FALSE,0,0,0
105,100,Win,TRUE,FALSE,FALSE,0,0,0
106,100,Fail,FALSE,FALSE,FALSE,0,0,0
107,100,Win,FALSE,FALSE,FALSE,0,0,0
108,100,Fail,TRUE,FALSE,FALSE,1,0,0
109,100,Fail,FALSE,FALSE,FALSE,0,0,0
110,100,Win,TRUE,FALSE,FALSE,0,0,1
111,100,Fail,FALSE,FALSE,FALSE,0,0,0
112,100,Win,TRUE,FALSE,TRUE,0,0,1
113,100,Win,TRUE,FALSE,TRUE,1,0,2
114,100,Fail,TRUE,FALSE,FALSE,0,0,0
115,100,Win,FALSE,FALSE,TRUE,0,0,2
116,100,Win,TRUE,TRUE,FALSE,2,2,3
117,100,Win,TRUE,TRUE,TRUE,0,2,4
118,100,Fail,FALSE,FALSE,FALSE,0,0,0
119,100,Fail,FALSE,FALSE,FALSE,0,0,1
120,100,Win,FALSE,FALSE,TRUE,1,0,2
121,100,Win,FALSE,TRUE,FALSE,3,2,3
122,100,Fail,FALSE,FALSE,TRUE,0,0,2
123,100,Fail,TRUE,FALSE,FALSE,0,0,1
124,100,Win,FALSE,TRUE,TRUE,3,1,4
125,100,Fail,FALSE,FALSE,FALSE,0,0,0
126,100,Fail,FALSE,FALSE,FALSE,0,0,2
127,100,Fail,TRUE,FALSE,TRUE,0,0,3
128,100,Fail,TRUE,TRUE,FALSE,0,1,2
129,100,Fail,FALSE,FALSE,TRUE,2,0,4
130,100,Win,FALSE,TRUE,FALSE,0,1,2
131,100,Win,TRUE,FALSE,FALSE,1,0,1
132,100,Fail,FALSE,FALSE,TRUE,0,0,2
133,100,Fail,TRUE,FALSE,FALSE,0,0,0
134,100,Fail,FALSE,FALSE,FALSE,0,0,0
135,100,Fail,FALSE,FALSE,FALSE,0,0,2
136,100,Win,TRUE,FALSE,TRUE,1,0,3
137,100,Fail,TRUE,FALSE,FALSE,2,1,3
138,100,Fail,FALSE,FALSE,FALSE,0,0,0
139,100,Fail,TRUE,FALSE,FALSE,0,0,1
140,100,Fail,TRUE,FALSE,FALSE,0,0,4
141,100,Win,TRUE,FALSE,FALSE,0,0,1
142,100,Win,FALSE,TRUE,FALSE,1,1,3
143,100,Win,FALSE,TRUE,FALSE,3,2,3
144,100,Fail,FALSE,FALSE,TRUE,0,0,1
145,100,Win,TRUE,TRUE,TRUE,2,1,1
146,100,Win,TRUE,FALSE,FALSE,1,0,3
147,100,Fail,FALSE,FALSE,FALSE,0,1,0
148,100,Win,TRUE,TRUE,TRUE,3,1,3
149,100,Fail,FALSE,FALSE,TRUE,0,0,2
150,100,Fail,TRUE,FALSE,FALSE,0,0,0
151,100,Fail,TRUE,FALSE,FALSE,0,0,0
152,100,Win,FALSE,FALSE,TRUE,2,0,3
153,100,Fail,FALSE,FALSE,FALSE,0,0,0
154,100,Fail,TRUE,FALSE,FALSE,0,0,1
155,100,Fail,FALSE,FALSE,FALSE,0,0,0
156,100,Fail,FALSE,FALSE,TRUE,0,0,1
157,100,Fail,TRUE,FALSE,FALSE,0,0,0
158,100,Fail,FALSE,FALSE,FALSE,0,0,0
159,100,Win,TRUE,TRUE,FALSE,0,1,2
160,100,Win,TRUE,TRUE,TRUE,3,1,4
161,100,Fail,TRUE,FALSE,FALSE,0,0,0
162,100,Win,TRUE,FALSE,TRUE,0,0,2
163,100,Fail,FALSE,FALSE,FALSE,0,0,0
164,100,Fail,FALSE,FALSE,FALSE,0,0,0
165,100,Fail,FALSE,FALSE,FALSE,0,0,0
166,100,Win,FALSE,FALSE,TRUE,1,0,2
167,100,Win,FALSE,FALSE,TRUE,2,1,4
168,100,Fail,FALSE,FALSE,FALSE,0,0,0
169,100,Fail,FALSE,FALSE,TRUE,0,0,1
170,100,Fail,FALSE,FALSE,FALSE,0,0,0
171,100,Win,FALSE,TRUE,TRUE,2,1,4
172,100,Fail,FALSE,FALSE,FALSE,0,0,0
173,100,Fail,TRUE,TRUE,TRUE,1,1,3
174,100,Win,TRUE,FALSE,TRUE,0,0,3
175,100,Fail,TRUE,FALSE,TRUE,0,0,2
176,100,Win,TRUE,FALSE,TRUE,0,0,2
177,100,Win,FALSE,FALSE,TRUE,1,0,3
178,100,Win,FALSE,FALSE,FALSE,0,0,0
179,100,Win,FALSE,FALSE,FALSE,1,0,1
180,100,Fail,TRUE,FALSE,FALSE,0,0,1
181,100,Win,TRUE,FALSE,TRUE,2,0,2
182,100,Fail,TRUE,FALSE,FALSE,1,0,2
183,100,Fail,FALSE,TRUE,TRUE,1,1,1
184,100,Win,TRUE,FALSE,TRUE,0,0,1
185,100,Fail,FALSE,FALSE,FALSE,0,0,1
186,100,Win,TRUE,TRUE,FALSE,1,1,1
187,100,Fail,TRUE,FALSE,FALSE,0,0,0
188,100,Win,TRUE,TRUE,TRUE,1,1,3
189,100,Fail,TRUE,FALSE,TRUE,0,0,2
190,100,Win,TRUE,TRUE,TRUE,1,1,2
191,100,Fail,TRUE,TRUE,FALSE,0,1,0
192,100,Fail,FALSE,FALSE,FALSE,0,0,0
193,100,Win,FALSE,FALSE,FALSE,2,0,1
194,100,Fail,TRUE,FALSE,FALSE,0,0,0
195,100,Fail,TRUE,FALSE,TRUE,0,0,2
196,100,Fail,TRUE,FALSE,FALSE,0,0,0
197,100,Win,TRUE,FALSE,TRUE,0,0,3
198,100,Win,TRUE,TRUE,TRUE,1,1,4
199,100,Win,TRUE,TRUE,TRUE,1,1,4
200,100,Win,FALSE,FALSE,FALSE,2,0,0
201,100,Fail,TRUE,FALSE,FALSE,0,0,0
202,100,Fail,FALSE,FALSE,FALSE,0,0,0
203,100,Win,TRUE,FALSE,TRUE,0,0,2
204,100,Win,FALSE,FALSE,FALSE,2,0,0
205,100,Win,TRUE,FALSE,FALSE,1,0,0
206,100,Win,FALSE,FALSE,FALSE,1,0,0
207,100,Win,TRUE,FALSE,FALSE,1,0,0
208,100,Win,FALSE,FALSE,FALSE,1,0,0
209,100,Win,FALSE,FALSE,FALSE,1,0,0
210,100,Fail,FALSE,FALSE,FALSE,0,0,0
211,100,Win,TRUE,FALSE,FALSE,1,0,0
212,100,Win,TRUE,FALSE,FALSE,0,0,0
213,100,Win,FALSE,FALSE,FALSE,1,0,0
214,100,Fail,TRUE,FALSE,FALSE,0,0,0
215,100,Win,FALSE,FALSE,FALSE,2,0,0
216,100,Win,TRUE,FALSE,FALSE,1,0,0
217,100,Fail,FALSE,FALSE,FALSE,1,0,0
218,100,Fail,TRUE,FALSE,FALSE,0,0,0
219,100,Fail,FALSE,FALSE,FALSE,0,0,0
220,100,Win,FALSE,FALSE,FALSE,1,0,0
221,100,Fail,FALSE,FALSE,FALSE,0,0,0
222,100,Win,TRUE,FALSE,FALSE,1,0,0
223,100,Win,TRUE,FALSE,FALSE,1,0,0
224,100,Win,FALSE,FALSE,FALSE,3,0,0
225,100,Win,TRUE,FALSE,FALSE,2,0,0
226,100,Fail,TRUE,FALSE,FALSE,0,0,0
227,100,Fail,TRUE,FALSE,FALSE,1,0,0
228,100,Win,TRUE,FALSE,FALSE,1,0,0
229,100,Fail,TRUE,FALSE,FALSE,0,0,1
230,100,Fail,FALSE,FALSE,FALSE,0,0,0
231,100,Win,TRUE,FALSE,TRUE,0,0,2
232,100,Fail,TRUE,FALSE,FALSE,0,0,0
233,100,Win,FALSE,FALSE,FALSE,1,0,0
234,100,Win,TRUE,FALSE,FALSE,2,0,0
235,100,Win,TRUE,FALSE,FALSE,2,0,0
236,100,Fail,FALSE,FALSE,FALSE,1,0,0
237,100,Win,TRUE,FALSE,FALSE,2,0,0
238,100,Win,TRUE,FALSE,FALSE,1,0,0
239,100,Win,TRUE,FALSE,FALSE,1,0,0
240,100,Fail,TRUE,FALSE,FALSE,0,0,0
241,100,Win,FALSE,FALSE,FALSE,2,0,0
242,100,Fail,FALSE,FALSE,FALSE,0,0,0
243,100,Fail,FALSE,FALSE,FALSE,0,0,0
244,100,Fail,TRUE,FALSE,FALSE,1,0,0
245,100,Fail,TRUE,FALSE,FALSE,0,0,0
246,100,Fail,FALSE,FALSE,FALSE,0,0,0
247,100,Win,TRUE,FALSE,FALSE,1,0,0
248,100,Win,FALSE,FALSE,FALSE,3,0,0
249,100,Win,TRUE,FALSE,FALSE,1,0,0
250,100,Fail,TRUE,FALSE,FALSE,0,0,0
251,100,Win,FALSE,FALSE,FALSE,1,0,0
252,100,Win,TRUE,FALSE,FALSE,2,0,0
253,100,Fail,FALSE,FALSE,FALSE,0,0,0
254,100,Win,TRUE,TRUE,FALSE,0,1,2
255,100,Fail,FALSE,FALSE,FALSE,0,0,0
256,100,Win,TRUE,FALSE,FALSE,0,1,3
257,100,Win,TRUE,FALSE,FALSE,1,0,0
258,100,Fail,TRUE,FALSE,FALSE,2,0,0
259,100,Fail,FALSE,FALSE,FALSE,0,0,0
260,100,Win,TRUE,FALSE,FALSE,2,0,0
261,100,Win,FALSE,FALSE,FALSE,1,0,0
262,100,Win,TRUE,FALSE,FALSE,1,0,0
263,100,Win,FALSE,FALSE,FALSE,2,0,0
264,100,Win,TRUE,FALSE,FALSE,2,0,0
265,100,Fail,FALSE,FALSE,FALSE,0,0,0
266,100,Win,TRUE,FALSE,FALSE,1,0,0
267,100,Fail,TRUE,FALSE,FALSE,0,0,0
268,100,Fail,FALSE,FALSE,FALSE,1,0,0
269,100,Fail,FALSE,FALSE,FALSE,0,0,0
270,100,Win,TRUE,FALSE,FALSE,1,0,0
271,100,Fail,FALSE,FALSE,FALSE,0,0,0
272,100,Fail,TRUE,FALSE,FALSE,2,0,0
273,100,Fail,FALSE,FALSE,FALSE,0,0,0
274,100,Fail,FALSE,FALSE,FALSE,0,0,1
275,100,Fail,FALSE,FALSE,FALSE,1,0,1
276,100,Fail,FALSE,FALSE,FALSE,0,0,0
277,100,Win,TRUE,FALSE,FALSE,2,0,0
278,100,Fail,FALSE,FALSE,FALSE,0,0,0
279,100,Fail,FALSE,FALSE,FALSE,0,0,1
280,100,Win,FALSE,FALSE,FALSE,2,0,0
281,100,Fail,TRUE,FALSE,FALSE,0,0,0
282,100,Fail,FALSE,FALSE,FALSE,0,0,0
283,100,Fail,TRUE,FALSE,FALSE,0,0,0
284,100,Win,FALSE,FALSE,FALSE,1,0,0
285,100,Fail,FALSE,FALSE,FALSE,0,0,0
286,100,Win,FALSE,FALSE,FALSE,3,0,0
287,100,Fail,TRUE,FALSE,FALSE,0,0,0
288,100,Fail,FALSE,FALSE,TRUE,0,0,2
289,100,Fail,TRUE,TRUE,FALSE,0,1,1
290,100,Win,TRUE,FALSE,TRUE,2,1,4
291,100,Fail,FALSE,FALSE,FALSE,0,0,0
292,100,Fail,TRUE,FALSE,FALSE,0,0,0
293,100,Fail,TRUE,TRUE,TRUE,1,1,3
294,100,Fail,TRUE,FALSE,FALSE,1,1,2
295,100,Fail,TRUE,FALSE,TRUE,0,0,1
296,100,Fail,FALSE,FALSE,TRUE,0,0,1
297,100,Win,TRUE,FALSE,FALSE,0,0,0
298,100,Win,FALSE,FALSE,FALSE,1,0,0
299,100,Win,FALSE,FALSE,FALSE,2,0,0
300,100,Win,TRUE,TRUE,FALSE,0,1,1
301,100,Fail,TRUE,FALSE,FALSE,0,0,0
302,100,Fail,FALSE,FALSE,FALSE,0,0,0
303,100,Fail,TRUE,FALSE,FALSE,0,0,0
304,100,Fail,TRUE,FALSE,FALSE,1,0,0
305,100,Win,TRUE,FALSE,TRUE,0,0,3
306,100,Win,FALSE,FALSE,TRUE,0,0,3
307,100,Fail,TRUE,FALSE,FALSE,0,0,0
308,100,Fail,FALSE,FALSE,FALSE,0,0,0
309,100,Fail,TRUE,FALSE,FALSE,0,0,1
310,100,Win,TRUE,FALSE,FALSE,0,0,1
311,100,Fail,FALSE,FALSE,TRUE,0,0,1
312,100,Win,FALSE,FALSE,FALSE,2,0,0
313,100,Win,TRUE,TRUE,FALSE,1,1,2
314,100,Win,FALSE,FALSE,TRUE,0,0,2
315,100,Win,FALSE,FALSE,TRUE,0,0,2
316,100,Fail,TRUE,FALSE,FALSE,0,0,1
317,100,Fail,FALSE,FALSE,FALSE,0,0,0
318,100,Fail,TRUE,FALSE,FALSE,0,0,1
319,100,Win,TRUE,FALSE,TRUE,1,0,2
320,100,Win,FALSE,FALSE,FALSE,0,0,0
321,100,Win,TRUE,TRUE,TRUE,1,1,3
322,100,Fail,TRUE,FALSE,FALSE,0,0,0
323,100,Win,TRUE,FALSE,TRUE,0,0,1
324,100,Win,FALSE,TRUE,TRUE,1,2,3
325,100,Fail,FALSE,FALSE,TRUE,1,0,3
326,100,Win,TRUE,TRUE,TRUE,1,1,4
327,100,Win,FALSE,FALSE,TRUE,0,0,2
328,100,Win,FALSE,TRUE,FALSE,1,1,2
329,100,Win,TRUE,TRUE,FALSE,1,3,2
330,100,Fail,TRUE,FALSE,FALSE,0,0,0
331,100,Win,TRUE,FALSE,TRUE,0,0,1
332,100,Win,TRUE,FALSE,TRUE,1,0,2
333,100,Fail,FALSE,FALSE,TRUE,0,0,2
334,100,Win,FALSE,TRUE,TRUE,1,1,4
335,100,Win,FALSE,FALSE,TRUE,1,0,3
336,100,Fail,TRUE,FALSE,TRUE,0,0,2
337,100,Win,FALSE,FALSE,TRUE,2,0,3
338,100,Fail,FALSE,TRUE,TRUE,1,2,3
339,100,Win,FALSE,FALSE,FALSE,2,0,0
340,100,Fail,TRUE,FALSE,FALSE,0,0,0
341,100,Fail,FALSE,FALSE,TRUE,0,0,2
342,100,Fail,FALSE,FALSE,FALSE,0,0,0
343,100,Win,TRUE,TRUE,FALSE,2,1,0
344,100,Fail,TRUE,FALSE,FALSE,0,0,0
345,100,Fail,TRUE,FALSE,TRUE,0,0,2
346,100,Fail,FALSE,TRUE,TRUE,0,1,3
347,100,Win,FALSE,FALSE,TRUE,2,0,2
348,100,Win,FALSE,FALSE,FALSE,1,0,2
349,100,Fail,FALSE,FALSE,TRUE,0,0,1
350,100,Win,TRUE,FALSE,FALSE,2,0,1
351,100,Win,TRUE,FALSE,TRUE,0,0,3
352,100,Fail,TRUE,FALSE,FALSE,0,0,0
353,100,Fail,TRUE,FALSE,FALSE,0,0,0
354,100,Win,FALSE,TRUE,FALSE,1,2,0
355,100,Fail,TRUE,FALSE,FALSE,0,0,3
356,100,Win,FALSE,FALSE,FALSE,1,2,2
357,100,Fail,TRUE,FALSE,FALSE,0,0,0
358,100,Win,FALSE,FALSE,FALSE,1,0,0
359,100,Win,TRUE,FALSE,TRUE,1,0,2
360,100,Fail,TRUE,TRUE,FALSE,0,1,1
361,100,Fail,FALSE,TRUE,TRUE,0,1,2
362,100,Win,TRUE,FALSE,TRUE,0,0,2
363,100,Win,TRUE,FALSE,FALSE,1,0,0
364,100,Fail,FALSE,FALSE,FALSE,0,0,2
365,100,Fail,FALSE,FALSE,FALSE,0,0,0
366,100,Fail,FALSE,FALSE,FALSE,0,0,1
367,100,Win,FALSE,FALSE,FALSE,2,0,0
368,100,Fail,FALSE,FALSE,FALSE,0,0,0
369,100,Win,FALSE,TRUE,FALSE,3,1,3
370,100,Win,FALSE,FALSE,TRUE,0,0,3
371,100,Win,FALSE,FALSE,FALSE,1,1,3
372,100,Fail,FALSE,FALSE,FALSE,2,0,2
373,100,Fail,TRUE,FALSE,FALSE,0,0,0
374,100,Fail,FALSE,TRUE,FALSE,0,1,0
375,100,Fail,FALSE,FALSE,FALSE,0,0,0
376,100,Fail,FALSE,FALSE,FALSE,0,0,0
377,100,Win,FALSE,TRUE,TRUE,1,1,4
378,100,Fail,FALSE,FALSE,TRUE,0,0,1
379,100,Fail,FALSE,TRUE,FALSE,0,1,2
380,100,Fail,TRUE,FALSE,TRUE,0,0,1
381,100,Win,FALSE,FALSE,FALSE,1,0,0
382,100,Win,TRUE,FALSE,TRUE,1,0,4
383,100,Win,FALSE,TRUE,TRUE,2,1,4
384,100,Fail,FALSE,FALSE,TRUE,0,0,2
385,100,Fail,TRUE,FALSE,FALSE,0,0,0
386,100,Fail,FALSE,FALSE,FALSE,0,0,0
387,100,Fail,TRUE,FALSE,FALSE,0,0,1
388,100,Win,TRUE,FALSE,TRUE,1,0,3
389,100,Win,FALSE,TRUE,TRUE,0,1,2
390,100,Fail,FALSE,FALSE,FALSE,0,0,1
391,100,Win,FALSE,FALSE,FALSE,2,0,2
392,100,Win,TRUE,FALSE,TRUE,0,0,3
393,100,Fail,FALSE,FALSE,FALSE,0,0,1
394,100,Win,TRUE,TRUE,TRUE,1,1,4
395,100,Fail,FALSE,FALSE,FALSE,0,0,0
396,100,Win,TRUE,TRUE,TRUE,2,1,3
397,100,Fail,FALSE,FALSE,FALSE,0,0,0
398,100,Fail,FALSE,FALSE,FALSE,0,0,0
399,100,Fail,FALSE,FALSE,FALSE,0,0,0
400,100,Fail,FALSE,FALSE,FALSE,0,0,0
401,100,Win,TRUE,FALSE,TRUE,1,1,4
402,100,Win,TRUE,FALSE,TRUE,0,0,1
403,100,Fail,FALSE,FALSE,FALSE,0,0,0
404,100,Win,TRUE,FALSE,FALSE,0,0,1
405,100,Win,FALSE,TRUE,FALSE,1,1,1
406,100,Win,FALSE,TRUE,TRUE,1,1,1
407,100,Fail,TRUE,FALSE,TRUE,0,0,2
408,100,Fail,FALSE,FALSE,TRUE,0,0,2
409,100,Fail,FALSE,FALSE,FALSE,0,0,0
410,100,Win,TRUE,FALSE,TRUE,0,0,2
411,100,Win,FALSE,TRUE,FALSE,1,1,2
412,100,Win,FALSE,TRUE,FALSE,1,2,2
413,100,Fail,FALSE,FALSE,FALSE,0,0,4
414,100,Win,TRUE,TRUE,TRUE,0,1,2
415,100,Win,FALSE,FALSE,TRUE,0,0,2
416,100,Win,FALSE,FALSE,TRUE,0,0,1
417,100,Win,TRUE,TRUE,TRUE,0,1,3
418,100,Win,FALSE,FALSE,TRUE,2,0,3
419,100,Win,TRUE,FALSE,TRUE,0,0,2
420,100,Win,TRUE,FALSE,TRUE,0,0,2
421,100,Win,FALSE,FALSE,TRUE,0,0,2
422,100,Fail,TRUE,FALSE,TRUE,0,0,1
423,100,Win,FALSE,FALSE,FALSE,3,0,2
424,100,Win,TRUE,FALSE,FALSE,1,0,0
425,100,Win,FALSE,FALSE,TRUE,0,0,2
426,100,Fail,FALSE,FALSE,FALSE,0,0,0
427,100,Fail,TRUE,FALSE,FALSE,0,0,1
428,100,Win,FALSE,TRUE,FALSE,1,1,2
429,100,Win,TRUE,FALSE,TRUE,1,0,3
430,100,Win,TRUE,FALSE,TRUE,1,1,3
431,100,Fail,TRUE,FALSE,FALSE,0,0,0
432,100,Win,TRUE,TRUE,FALSE,1,1,2
433,100,Win,FALSE,TRUE,TRUE,0,1,2
434,100,Fail,TRUE,FALSE,TRUE,0,0,2
435,100,Fail,FALSE,FALSE,FALSE,0,0,0
436,100,Win,TRUE,FALSE,FALSE,1,1,1
437,100,Fail,FALSE,FALSE,FALSE,0,0,0
438,100,Fail,TRUE,FALSE,FALSE,0,0,0
439,100,Win,TRUE,FALSE,TRUE,2,0,1
440,100,Win,TRUE,TRUE,FALSE,2,2,1
441,100,Win,FALSE,FALSE,FALSE,1,0,2
442,100,Fail,FALSE,FALSE,FALSE,0,0,0
443,100,Fail,FALSE,FALSE,FALSE,0,0,0
444,100,Win,TRUE,FALSE,TRUE,0,0,1
445,100,Fail,TRUE,FALSE,FALSE,0,0,0
446,100,Win,FALSE,TRUE,FALSE,2,1,1
447,100,Fail,FALSE,TRUE,FALSE,0,1,3
448,100,Fail,TRUE,TRUE,TRUE,0,1,2
449,100,Win,FALSE,TRUE,FALSE,0,1,2
450,100,Win,FALSE,FALSE,FALSE,0,0,1
451,100,Win,FALSE,FALSE,FALSE,1,1,2
452,100,Fail,TRUE,FALSE,FALSE,0,0,1
453,100,Win,FALSE,TRUE,FALSE,2,1,1
454,100,Win,TRUE,TRUE,TRUE,0,1,2
455,100,Fail,TRUE,FALSE,TRUE,0,0,2
456,100,Win,FALSE,TRUE,FALSE,0,1,1
457,100,Fail,FALSE,FALSE,FALSE,0,0,0
458,100,Fail,TRUE,FALSE,FALSE,0,0,1
459,100,Win,TRUE,TRUE,FALSE,1,1,1
460,100,Fail,FALSE,FALSE,FALSE,0,0,0
461,100,Win,FALSE,TRUE,FALSE,2,1,2
462,100,Win,FALSE,TRUE,TRUE,2,1,4
463,100,Win,TRUE,FALSE,TRUE,0,0,2
464,100,Fail,TRUE,FALSE,TRUE,0,0,1
465,100,Win,FALSE,FALSE,TRUE,0,0,1
466,100,Fail,FALSE,FALSE,FALSE,0,0,1
467,100,Fail,FALSE,FALSE,FALSE,0,0,0
468,100,Fail,TRUE,FALSE,FALSE,0,0,1
469,100,Fail,TRUE,FALSE,FALSE,0,0,0
470,100,Fail,FALSE,FALSE,FALSE,0,0,0
471,100,Fail,FALSE,FALSE,TRUE,0,0,1
472,100,Fail,FALSE,FALSE,FALSE,0,0,3
473,100,Fail,FALSE,FALSE,FALSE,0,0,1
474,100,Win,TRUE,TRUE,FALSE,3,1,0
475,100,Fail,FALSE,FALSE,TRUE,0,0,1
476,100,Win,TRUE,FALSE,TRUE,0,0,2
477,100,Fail,TRUE,FALSE,FALSE,0,0,1
478,100,Fail,FALSE,FALSE,FALSE,0,0,0
479,100,Win,TRUE,FALSE,TRUE,2,1,3
480,100,Win,FALSE,FALSE,TRUE,3,0,1
481,100,Fail,TRUE,TRUE,FALSE,1,1,2
482,100,Win,TRUE,TRUE,FALSE,0,1,1
483,100,Win,TRUE,TRUE,TRUE,1,1,2
484,100,Win,TRUE,FALSE,TRUE,0,0,2
485,100,Win,TRUE,FALSE,TRUE,0,0,2
486,100,Win,TRUE,FALSE,TRUE,0,0,2
487,100,Win,TRUE,FALSE,FALSE,0,0,1
488,100,Win,TRUE,FALSE,TRUE,0,0,3
489,100,Win,FALSE,TRUE,TRUE,0,1,3
490,100,Fail,FALSE,TRUE,FALSE,1,1,3
491,100,Fail,FALSE,FALSE,TRUE,0,0,1
492,100,Fail,FALSE,FALSE,FALSE,0,0,0
493,100,Win,FALSE,TRUE,TRUE,2,1,3
494,100,Fail,FALSE,FALSE,FALSE,0,0,1
495,100,Win,FALSE,TRUE,FALSE,0,1,1
496,100,Win,TRUE,FALSE,TRUE,0,0,2
497,100,Win,TRUE,TRUE,TRUE,2,1,3
498,100,Fail,FALSE,FALSE,FALSE,0,0,0
499,100,Win,FALSE,TRUE,FALSE,1,1,2
500,100,Fail,FALSE,FALSE,FALSE,0,0,0
501,100,Fail,FALSE,FALSE,TRUE,0,0,3
502,100,Fail,TRUE,FALSE,FALSE,0,0,0
503,100,Fail,FALSE,FALSE,FALSE,0,0,0
504,100,Fail,FALSE,FALSE,FALSE,0,0,0
505,100,Fail,FALSE,FALSE,FALSE,0,0,0
506,100,Fail,TRUE,FALSE,TRUE,0,0,2
507,100,Win,FALSE,TRUE,FALSE,1,1,1
508,100,Fail,TRUE,FALSE,FALSE,0,0,0
509,100,Win,TRUE,TRUE,TRUE,0,1,1
510,100,Win,FALSE,TRUE,TRUE,2,1,2
511,100,Win,FALSE,FALSE,FALSE,0,0,1
512,100,Win,FALSE,FALSE,TRUE,1,0,2
513,100,Win,TRUE,FALSE,TRUE,2,0,3
514,100,Fail,FALSE,FALSE,FALSE,0,0,0
515,100,Win,TRUE,FALSE,FALSE,0,0,0
516,100,Win,FALSE,FALSE,TRUE,0,0,2
517,100,Win,FALSE,TRUE,FALSE,0,2,2
518,100,Fail,FALSE,FALSE,FALSE,0,0,0
519,100,Win,TRUE,TRUE,FALSE,2,1,3
520,100,Fail,FALSE,FALSE,FALSE,0,0,0
521,100,Fail,TRUE,FALSE,TRUE,0,0,1
522,100,Win,TRUE,TRUE,FALSE,3,1,4
523,100,Fail,FALSE,FALSE,TRUE,0,0,1
524,100,Fail,FALSE,FALSE,TRUE,0,0,1
525,100,Fail,TRUE,TRUE,TRUE,4,1,4
526,100,Win,FALSE,FALSE,FALSE,1,0,0
527,100,Win,FALSE,TRUE,FALSE,2,2,1
528,100,Fail,FALSE,FALSE,FALSE,0,0,0
529,100,Win,FALSE,TRUE,TRUE,2,1,2
530,100,Win,TRUE,FALSE,TRUE,0,0,1
531,100,Win,TRUE,FALSE,FALSE,2,0,0
532,100,Fail,FALSE,TRUE,FALSE,0,1,1
533,100,Win,TRUE,TRUE,FALSE,2,1,2
534,100,Fail,FALSE,FALSE,FALSE,0,0,0
535,100,Win,TRUE,TRUE,TRUE,1,1,2
536,100,Fail,FALSE,FALSE,FALSE,0,0,0
537,100,Fail,TRUE,FALSE,TRUE,0,0,1
538,100,Win,FALSE,TRUE,FALSE,1,1,2
539,100,Win,TRUE,TRUE,TRUE,2,2,5
540,100,Fail,FALSE,TRUE,TRUE,0,1,2
541,100,Win,TRUE,FALSE,TRUE,1,0,1
542,100,Fail,FALSE,FALSE,FALSE,0,0,1
543,100,Fail,FALSE,FALSE,FALSE,0,0,1
544,100,Fail,TRUE,TRUE,FALSE,1,1,1
545,100,Win,TRUE,FALSE,FALSE,1,0,0
546,100,Fail,FALSE,FALSE,FALSE,0,0,0
547,100,Fail,TRUE,FALSE,FALSE,0,0,0
548,100,Win,TRUE,FALSE,TRUE,1,0,1
549,100,Win,FALSE,TRUE,FALSE,2,1,2
550,100,Fail,FALSE,FALSE,FALSE,0,0,0
551,100,Win,FALSE,TRUE,TRUE,1,1,1
552,100,Win,FALSE,TRUE,TRUE,2,1,3
553,100,Win,TRUE,FALSE,TRUE,0,0,1
554,100,Fail,TRUE,FALSE,FALSE,0,0,1
555,100,Win,FALSE,TRUE,FALSE,0,1,2
556,100,Win,TRUE,TRUE,FALSE,1,1,3
557,100,Fail,TRUE,FALSE,FALSE,0,0,1
558,100,Win,TRUE,FALSE,FALSE,0,0,1
559,100,Win,FALSE,TRUE,TRUE,3,1,3
560,100,Win,FALSE,TRUE,FALSE,2,1,3
561,100,Fail,FALSE,FALSE,TRUE,0,0,1
562,100,Win,TRUE,FALSE,TRUE,1,0,1
563,100,Win,TRUE,TRUE,TRUE,1,1,1
564,100,Fail,FALSE,FALSE,FALSE,0,0,0
565,100,Fail,TRUE,FALSE,FALSE,0,0,0
566,100,Fail,FALSE,FALSE,FALSE,0,0,0
567,100,Fail,TRUE,TRUE,FALSE,0,2,0
568,100,Fail,FALSE,FALSE,FALSE,0,0,0
569,100,Fail,FALSE,FALSE,TRUE,0,0,2
570,100,Win,FALSE,TRUE,FALSE,1,2,3
571,100,Win,TRUE,FALSE,TRUE,2,0,1
572,100,Win,FALSE,FALSE,TRUE,2,0,2
573,100,Win,FALSE,FALSE,FALSE,1,0,2
574,100,Win,TRUE,FALSE,TRUE,0,0,3
575,100,Fail,FALSE,TRUE,TRUE,1,2,4
576,100,Fail,FALSE,FALSE,FALSE,0,0,0
577,100,Fail,FALSE,TRUE,FALSE,1,1,4
578,100,Fail,FALSE,FALSE,FALSE,0,0,1
579,100,Win,TRUE,FALSE,FALSE,0,0,2
580,100,Fail,TRUE,FALSE,TRUE,0,0,1
581,100,Win,FALSE,TRUE,FALSE,1,2,3
582,100,Win,TRUE,FALSE,TRUE,1,0,4
583,100,Fail,TRUE,FALSE,FALSE,0,0,0
584,100,Win,TRUE,FALSE,TRUE,0,0,2
585,100,Fail,FALSE,FALSE,FALSE,0,0,0
586,100,Win,FALSE,TRUE,FALSE,1,1,1
587,100,Win,TRUE,TRUE,FALSE,2,1,2
588,100,Fail,FALSE,FALSE,FALSE,0,0,0
589,100,Fail,FALSE,FALSE,FALSE,0,0,0
590,100,Win,TRUE,FALSE,TRUE,0,0,3
591,100,Win,FALSE,FALSE,TRUE,0,0,4
592,100,Win,TRUE,FALSE,FALSE,0,0,0
593,100,Win,FALSE,TRUE,TRUE,1,1,1
594,100,Win,FALSE,FALSE,FALSE,0,0,2
595,100,Fail,TRUE,FALSE,TRUE,0,0,1
596,100,Win,TRUE,TRUE,TRUE,3,1,2
597,100,Fail,FALSE,FALSE,FALSE,0,0,1
598,100,Win,TRUE,FALSE,FALSE,0,0,0
599,100,Fail,FALSE,FALSE,FALSE,0,0,0
600,100,Win,TRUE,FALSE,FALSE,1,0,0
601,100,Fail,TRUE,FALSE,TRUE,0,0,2
602,100,Fail,FALSE,FALSE,FALSE,0,0,0
603,100,Win,FALSE,FALSE,TRUE,0,0,2
604,100,Win,FALSE,TRUE,TRUE,1,1,2
605,100,Win,TRUE,FALSE,TRUE,0,0,3
606,100,Win,TRUE,TRUE,FALSE,1,1,2
607,100,Win,TRUE,TRUE,FALSE,1,1,0
608,100,Fail,FALSE,FALSE,FALSE,0,0,0
609,100,Fail,FALSE,FALSE,TRUE,0,0,3
610,100,Win,FALSE,FALSE,FALSE,1,1,4
611,100,Fail,FALSE,FALSE,TRUE,0,0,3
612,100,Win,TRUE,FALSE,TRUE,1,0,3
613,100,Fail,FALSE,FALSE,FALSE,0,0,0
614,100,Fail,TRUE,FALSE,TRUE,0,0,1
615,100,Win,TRUE,FALSE,TRUE,0,0,2
616,100,Win,TRUE,FALSE,FALSE,0,0,0
617,100,Win,TRUE,TRUE,FALSE,1,1,1
618,100,Fail,FALSE,FALSE,FALSE,0,0,0
619,100,Win,FALSE,FALSE,FALSE,0,0,0
620,100,Fail,TRUE,TRUE,TRUE,1,1,3
621,100,Win,TRUE,FALSE,TRUE,0,0,2
622,100,Win,FALSE,TRUE,TRUE,1,1,3
623,100,Fail,FALSE,FALSE,FALSE,0,0,0
624,100,Fail,FALSE,FALSE,FALSE,0,0,0
625,100,Fail,FALSE,FALSE,FALSE,0,0,0
626,100,Win,TRUE,TRUE,FALSE,2,1,1
627,100,Win,TRUE,FALSE,TRUE,0,0,3
628,100,Fail,FALSE,FALSE,FALSE,0,0,0
629,100,Fail,TRUE,FALSE,TRUE,0,0,2
630,100,Win,TRUE,FALSE,FALSE,0,0,2
631,100,Win,FALSE,TRUE,TRUE,0,1,4
632,100,Win,TRUE,TRUE,TRUE,3,1,2
633,100,Win,TRUE,FALSE,TRUE,0,0,2
634,100,Win,FALSE,FALSE,FALSE,5,0,2
635,100,Win,FALSE,TRUE,FALSE,1,1,2
636,100,Win,TRUE,TRUE,TRUE,2,1,3
637,100,Win,TRUE,FALSE,TRUE,0,0,1
638,100,Win,TRUE,FALSE,FALSE,0,0,0
639,100,Fail,FALSE,FALSE,FALSE,0,0,1
640,100,Fail,FALSE,FALSE,TRUE,0,0,1
641,100,Fail,TRUE,FALSE,FALSE,0,0,0
642,100,Fail,FALSE,FALSE,FALSE,0,0,0
643,100,Fail,TRUE,FALSE,FALSE,0,0,0
644,100,Win,FALSE,TRUE,TRUE,0,1,4
645,100,Fail,FALSE,FALSE,TRUE,0,0,1
646,100,Fail,TRUE,TRUE,TRUE,0,1,2
647,100,Win,TRUE,TRUE,FALSE,2,1,2
648,100,Fail,FALSE,FALSE,FALSE,0,0,0
649,100,Win,TRUE,FALSE,TRUE,0,0,1
650,100,Win,FALSE,TRUE,FALSE,2,1,1
651,100,Win,FALSE,TRUE,FALSE,3,1,2
652,100,Win,TRUE,FALSE,TRUE,0,0,2
653,100,Win,TRUE,TRUE,TRUE,2,1,3
654,100,Win,TRUE,TRUE,TRUE,1,1,4
655,100,Win,FALSE,FALSE,FALSE,2,0,2
656,100,Win,TRUE,FALSE,TRUE,0,0,1
657,100,Win,TRUE,TRUE,TRUE,2,1,3
658,100,Win,TRUE,FALSE,TRUE,3,0,2
659,100,Win,TRUE,TRUE,FALSE,1,1,2
660,100,Fail,TRUE,FALSE,TRUE,0,0,1
661,100,Fail,FALSE,FALSE,TRUE,0,0,2
662,100,Fail,TRUE,FALSE,FALSE,0,0,0
663,100,Win,FALSE,FALSE,TRUE,1,0,2
664,100,Win,FALSE,FALSE,TRUE,0,0,2
665,100,Win,FALSE,FALSE,TRUE,0,0,2
666,100,Fail,FALSE,FALSE,FALSE,0,0,0
667,100,Fail,FALSE,FALSE,FALSE,0,0,0
668,100,Fail,FALSE,FALSE,FALSE,0,0,0
669,100,Win,TRUE,FALSE,TRUE,1,0,2
670,100,Win,TRUE,FALSE,FALSE,3,0,1
671,100,Win,TRUE,TRUE,TRUE,1,1,2
672,100,Fail,FALSE,FALSE,FALSE,0,0,1
673,100,Win,FALSE,TRUE,TRUE,0,1,2
674,100,Win,TRUE,TRUE,FALSE,1,1,1
675,100,Win,TRUE,FALSE,TRUE,1,0,1
676,100,Win,FALSE,FALSE,TRUE,0,0,1
677,100,Win,TRUE,FALSE,TRUE,0,0,1
678,100,Fail,FALSE,FALSE,TRUE,0,0,3
679,100,Fail,FALSE,FALSE,FALSE,0,0,0
680,100,Fail,TRUE,FALSE,FALSE,0,0,0
681,100,Fail,FALSE,FALSE,FALSE,0,0,0
682,100,Win,TRUE,FALSE,TRUE,1,0,1
683,100,Fail,FALSE,FALSE,FALSE,0,0,0
684,100,Win,TRUE,FALSE,TRUE,2,0,4
685,100,Fail,FALSE,FALSE,FALSE,0,0,1
686,100,Fail,TRUE,FALSE,TRUE,1,0,1
687,100,Fail,FALSE,FALSE,FALSE,0,0,0
688,100,Fail,FALSE,TRUE,TRUE,1,1,2
689,100,Win,TRUE,FALSE,TRUE,1,0,3
690,100,Fail,FALSE,FALSE,FALSE,0,0,0
691,100,Win,TRUE,FALSE,FALSE,1,0,2
692,100,Fail,TRUE,FALSE,TRUE,0,0,1
693,100,Fail,FALSE,FALSE,FALSE,0,0,0
694,100,Fail,FALSE,FALSE,FALSE,0,0,0
695,100,Fail,FALSE,FALSE,FALSE,0,0,0
696,100,Win,TRUE,FALSE,FALSE,2,0,0
697,100,Fail,TRUE,FALSE,FALSE,0,0,0
698,100,Win,FALSE,TRUE,FALSE,1,1,3
699,100,Win,FALSE,TRUE,FALSE,2,1,1
700,100,Fail,FALSE,FALSE,FALSE,0,0,1
701,100,Fail,TRUE,FALSE,TRUE,0,0,2
702,100,Win,TRUE,TRUE,TRUE,1,1,4
703,100,Fail,FALSE,FALSE,FALSE,0,0,0
704,100,Win,TRUE,TRUE,TRUE,2,2,3
705,100,Win,TRUE,TRUE,FALSE,0,1,2
706,100,Fail,FALSE,FALSE,TRUE,0,0,3
707,100,Fail,TRUE,FALSE,TRUE,0,0,1
708,100,Win,FALSE,TRUE,TRUE,4,1,3
709,100,Win,FALSE,TRUE,TRUE,1,1,3
710,100,Fail,FALSE,FALSE,FALSE,0,0,0
711,100,Fail,FALSE,FALSE,TRUE,0,0,2
712,100,Fail,FALSE,FALSE,FALSE,0,0,0
713,100,Win,TRUE,FALSE,TRUE,3,1,5
714,100,Fail,TRUE,FALSE,TRUE,0,0,1
715,100,Win,FALSE,TRUE,TRUE,0,1,2
716,100,Fail,TRUE,FALSE,FALSE,0,0,0
717,100,Fail,FALSE,FALSE,FALSE,0,0,0
718,100,Fail,FALSE,FALSE,TRUE,0,0,2
719,100,Win,FALSE,TRUE,TRUE,1,1,2
720,100,Fail,FALSE,TRUE,FALSE,0,1,1
721,100,Fail,FALSE,FALSE,FALSE,0,0,2
722,100,Fail,FALSE,FALSE,TRUE,1,0,2
723,100,Fail,FALSE,FALSE,TRUE,0,0,1
724,100,Win,TRUE,TRUE,TRUE,2,1,3
725,100,Win,TRUE,TRUE,FALSE,1,1,2
726,100,Win,TRUE,FALSE,TRUE,0,0,1
727,100,Win,FALSE,TRUE,TRUE,2,1,3
728,100,Win,FALSE,TRUE,TRUE,2,1,3
729,100,Fail,TRUE,TRUE,TRUE,3,1,3
730,100,Win,TRUE,FALSE,TRUE,0,0,1
731,100,Fail,FALSE,FALSE,TRUE,0,0,1
732,100,Fail,TRUE,TRUE,FALSE,0,1,1
733,100,Fail,FALSE,FALSE,TRUE,0,0,3
734,100,Fail,FALSE,FALSE,TRUE,0,0,2
735,100,Win,FALSE,FALSE,FALSE,3,1,3
736,100,Fail,TRUE,FALSE,FALSE,0,0,0
737,100,Fail,TRUE,FALSE,FALSE,0,0,1
738,100,Win,TRUE,TRUE,FALSE,2,1,2
739,100,Win,FALSE,TRUE,FALSE,1,1,1
740,100,Fail,TRUE,FALSE,FALSE,0,0,2
741,100,Win,TRUE,FALSE,TRUE,1,0,3
742,100,Fail,FALSE,FALSE,FALSE,0,0,3
743,100,Win,TRUE,TRUE,FALSE,1,2,1
744,100,Win,TRUE,FALSE,FALSE,0,0,1
745,100,Win,FALSE,TRUE,FALSE,0,1,2
746,100,Win,TRUE,FALSE,FALSE,1,0,1
747,100,Fail,TRUE,FALSE,TRUE,0,0,1
748,100,Fail,FALSE,TRUE,FALSE,1,1,1
749,100,Fail,TRUE,TRUE,FALSE,0,1,0
750,100,Fail,FALSE,FALSE,FALSE,0,0,0
751,100,Fail,FALSE,FALSE,TRUE,0,0,1
752,100,Win,TRUE,FALSE,TRUE,0,0,3
753,100,Fail,TRUE,FALSE,FALSE,0,0,0
754,100,Fail,FALSE,FALSE,FALSE,0,0,0
755,100,Fail,FALSE,FALSE,FALSE,0,0,0
756,100,Win,FALSE,FALSE,FALSE,0,0,1
757,100,Win,TRUE,FALSE,FALSE,1,0,1
758,100,Win,FALSE,TRUE,TRUE,1,1,4
759,100,Win,TRUE,FALSE,TRUE,1,1,4
760,100,Fail,FALSE,FALSE,FALSE,0,1,1
761,100,Fail,TRUE,FALSE,FALSE,0,0,1
762,100,Win,TRUE,TRUE,TRUE,0,1,4
763,100,Fail,FALSE,FALSE,FALSE,0,1,2
764,100,Fail,FALSE,FALSE,FALSE,0,0,0
765,100,Win,TRUE,TRUE,TRUE,1,1,4
766,100,Win,TRUE,TRUE,TRUE,1,2,4
767,100,Fail,TRUE,FALSE,TRUE,0,0,2
768,100,Fail,FALSE,FALSE,TRUE,0,0,2
769,100,Fail,TRUE,FALSE,FALSE,0,0,0
770,100,Win,FALSE,FALSE,FALSE,1,0,2
771,100,Win,TRUE,FALSE,TRUE,1,2,3
772,100,Fail,FALSE,TRUE,FALSE,0,1,2
773,100,Fail,FALSE,FALSE,FALSE,0,0,0
774,100,Win,FALSE,TRUE,TRUE,2,1,2
775,100,Fail,FALSE,FALSE,FALSE,0,0,0
776,100,Win,TRUE,TRUE,TRUE,2,2,3
777,100,Win,FALSE,TRUE,FALSE,1,1,3
778,100,Fail,FALSE,FALSE,FALSE,0,0,0
779,100,Fail,FALSE,FALSE,FALSE,0,0,0
780,100,Fail,FALSE,FALSE,FALSE,0,0,0
781,100,Fail,FALSE,FALSE,TRUE,0,0,1
782,100,Fail,FALSE,FALSE,FALSE,0,0,0
783,100,Win,FALSE,TRUE,FALSE,2,1,2
784,100,Fail,TRUE,FALSE,TRUE,0,0,3
785,100,Fail,FALSE,FALSE,FALSE,0,0,0
786,100,Fail,FALSE,FALSE,FALSE,0,0,0
787,100,Fail,FALSE,FALSE,FALSE,0,0,0
788,100,Fail,TRUE,FALSE,TRUE,0,1,2
789,100,Win,TRUE,TRUE,TRUE,1,1,3
790,100,Fail,FALSE,FALSE,FALSE,0,0,1
791,100,Win,FALSE,TRUE,TRUE,2,1,4
792,100,Fail,FALSE,FALSE,FALSE,0,0,0
793,100,Fail,FALSE,FALSE,FALSE,0,0,2
794,100,Win,TRUE,TRUE,TRUE,1,1,3
795,100,Fail,TRUE,FALSE,TRUE,0,0,2
796,100,Fail,FALSE,FALSE,FALSE,0,0,0
797,100,Fail,TRUE,FALSE,TRUE,0,0,2
798,100,Win,TRUE,FALSE,FALSE,2,0,2
799,100,Fail,FALSE,TRUE,TRUE,0,1,3
800,100,Fail,TRUE,FALSE,FALSE,0,0,1
801,100,Fail,TRUE,FALSE,FALSE,0,0,1
802,100,Fail,FALSE,FALSE,FALSE,0,0,0
803,100,Win,FALSE,FALSE,FALSE,1,0,1
804,100,Win,TRUE,TRUE,TRUE,1,1,2
805,100,Win,TRUE,FALSE,TRUE,1,0,2
806,100,Fail,FALSE,FALSE,FALSE,0,0,0
807,100,Win,FALSE,TRUE,FALSE,0,1,3
808,100,Win,FALSE,FALSE,FALSE,1,0,1
809,100,Fail,FALSE,FALSE,FALSE,0,0,0
810,100,Win,TRUE,FALSE,TRUE,0,0,2
811,100,Fail,FALSE,TRUE,FALSE,0,1,1
812,100,Win,FALSE,FALSE,TRUE,2,0,2
813,100,Win,FALSE,FALSE,TRUE,1,0,2
814,100,Fail,FALSE,FALSE,TRUE,0,0,1
815,100,Fail,TRUE,TRUE,FALSE,0,1,2
816,100,Fail,FALSE,FALSE,FALSE,0,0,0
817,100,Fail,FALSE,FALSE,TRUE,0,0,1
818,100,Fail,FALSE,FALSE,TRUE,0,0,1
819,100,Win,FALSE,TRUE,FALSE,0,1,1
820,100,Win,TRUE,FALSE,FALSE,1,0,1
821,100,Win,TRUE,FALSE,TRUE,1,0,2
822,100,Win,TRUE,FALSE,TRUE,0,1,3
823,100,Win,TRUE,FALSE,TRUE,2,1,3
824,100,Win,FALSE,TRUE,TRUE,1,1,3
825,100,Win,TRUE,FALSE,TRUE,0,0,2
826,100,Fail,FALSE,FALSE,FALSE,0,0,0
827,100,Fail,FALSE,FALSE,FALSE,0,0,2
828,100,Fail,TRUE,FALSE,FALSE,0,0,0
829,100,Fail,FALSE,FALSE,FALSE,0,0,0
830,100,Fail,TRUE,FALSE,FALSE,0,0,0
831,100,Win,TRUE,FALSE,FALSE,1,0,3
832,100,Win,FALSE,FALSE,TRUE,0,0,1
833,100,Win,TRUE,TRUE,FALSE,1,2,2
834,100,Win,TRUE,FALSE,TRUE,0,0,2
835,100,Win,TRUE,FALSE,TRUE,1,0,2
836,100,Win,TRUE,FALSE,TRUE,1,0,3
837,100,Win,TRUE,TRUE,TRUE,1,1,4
838,100,Fail,FALSE,FALSE,FALSE,0,0,0
839,100,Win,TRUE,FALSE,FALSE,1,1,2
840,100,Fail,FALSE,FALSE,FALSE,0,0,0
841,100,Win,TRUE,TRUE,FALSE,1,1,1
842,100,Win,FALSE,TRUE,FALSE,1,1,2
843,100,Fail,FALSE,FALSE,TRUE,0,0,2
844,100,Win,TRUE,TRUE,FALSE,0,1,1
845,100,Win,TRUE,TRUE,TRUE,1,1,3
846,100,Win,FALSE,TRUE,FALSE,1,1,4
847,100,Fail,TRUE,FALSE,FALSE,0,0,1
848,100,Fail,FALSE,FALSE,FALSE,0,0,0
849,100,Win,TRUE,TRUE,FALSE,1,1,2
850,100,Fail,FALSE,FALSE,FALSE,1,0,1
851,100,Fail,FALSE,FALSE,TRUE,0,0,1
852,100,Fail,FALSE,FALSE,TRUE,0,0,2
853,100,Win,TRUE,FALSE,TRUE,0,0,1
854,100,Fail,TRUE,FALSE,TRUE,0,0,2
855,100,Fail,TRUE,FALSE,TRUE,0,0,1
856,100,Fail,FALSE,FALSE,TRUE,0,0,1
857,100,Win,TRUE,FALSE,FALSE,0,0,0
858,100,Win,TRUE,TRUE,FALSE,2,1,2
859,100,Win,FALSE,TRUE,FALSE,2,1,1
860,100,Win,FALSE,TRUE,TRUE,0,1,3
861,100,Fail,FALSE,TRUE,TRUE,0,1,1
862,100,Fail,FALSE,FALSE,FALSE,0,0,0
863,100,Win,TRUE,FALSE,TRUE,0,0,1
864,100,Fail,FALSE,FALSE,FALSE,0,0,1
865,100,Fail,FALSE,FALSE,FALSE,0,0,1
866,100,Fail,FALSE,FALSE,FALSE,0,0,0
867,100,Win,TRUE,FALSE,TRUE,0,0,1
868,100,Fail,TRUE,FALSE,FALSE,0,0,0
869,100,Fail,TRUE,FALSE,TRUE,0,0,1
870,100,Win,FALSE,TRUE,TRUE,1,1,4
871,100,Win,TRUE,FALSE,TRUE,0,0,2
872,100,Win,FALSE,FALSE,TRUE,2,0,3
873,100,Win,TRUE,FALSE,FALSE,0,0,1
874,100,Fail,TRUE,FALSE,TRUE,0,0,2
875,100,Win,TRUE,TRUE,TRUE,3,1,3
876,100,Win,TRUE,FALSE,TRUE,0,0,1
877,100,Win,TRUE,FALSE,TRUE,1,0,2
878,100,Win,FALSE,TRUE,TRUE,1,1,3
879,100,Win,TRUE,TRUE,FALSE,2,2,3
880,100,Fail,TRUE,FALSE,FALSE,0,0,1
881,100,Fail,FALSE,FALSE,TRUE,0,0,2
882,100,Fail,TRUE,TRUE,FALSE,1,1,2
883,100,Win,TRUE,FALSE,TRUE,2,0,3
884,100,Fail,FALSE,FALSE,FALSE,0,0,1
885,100,Fail,FALSE,FALSE,FALSE,0,0,0
886,100,Fail,FALSE,FALSE,FALSE,0,0,0
887,100,Fail,FALSE,FALSE,FALSE,0,0,0
888,100,Win,TRUE,TRUE,FALSE,1,1,3
889,100,Fail,TRUE,FALSE,TRUE,0,0,2
890,100,Fail,TRUE,FALSE,TRUE,0,0,1
891,100,Win,FALSE,TRUE,FALSE,3,1,2
892,100,Win,TRUE,FALSE,FALSE,2,1,2
893,100,Fail,TRUE,FALSE,TRUE,0,0,3
894,100,Win,FALSE,TRUE,TRUE,1,1,4
895,100,Win,TRUE,FALSE,FALSE,0,0,0
896,100,Win,FALSE,TRUE,FALSE,2,1,2
897,100,Fail,TRUE,FALSE,FALSE,0,0,1
898,100,Win,TRUE,TRUE,FALSE,0,1,1
899,100,Fail,FALSE,FALSE,FALSE,0,0,0
900,100,Win,TRUE,TRUE,TRUE,1,1,2
901,100,Fail,TRUE,FALSE,FALSE,0,0,1
902,100,Fail,TRUE,FALSE,TRUE,0,0,1
903,100,Fail,FALSE,FALSE,FALSE,0,0,1
904,100,Win,FALSE,TRUE,TRUE,0,1,2
905,100,Win,TRUE,FALSE,FALSE,1,1,2
906,100,Win,FALSE,FALSE,FALSE,0,0,1
907,100,Win,TRUE,TRUE,FALSE,0,1,1
908,100,Fail,FALSE,FALSE,FALSE,0,0,0
909,100,Fail,TRUE,FALSE,FALSE,0,0,1
910,100,Win,FALSE,FALSE,FALSE,2,0,1
911,100,Fail,TRUE,FALSE,FALSE,3,0,0
912,100,Win,TRUE,FALSE,FALSE,1,0,0
913,100,Win,FALSE,FALSE,FALSE,1,0,0
914,100,Win,FALSE,FALSE,FALSE,1,0,0
915,100,Fail,FALSE,FALSE,FALSE,0,0,0
916,100,Win,TRUE,FALSE,TRUE,0,0,3
917,100,Fail,FALSE,FALSE,FALSE,0,0,0
918,100,Win,FALSE,TRUE,TRUE,2,1,3
919,100,Win,TRUE,TRUE,TRUE,1,1,4
920,100,Win,FALSE,TRUE,FALSE,3,2,1
921,100,Fail,FALSE,FALSE,FALSE,0,0,1
922,100,Win,TRUE,TRUE,TRUE,2,1,3
923,100,Fail,FALSE,FALSE,TRUE,0,0,3
924,100,Fail,FALSE,FALSE,TRUE,0,0,1
925,100,Fail,TRUE,FALSE,FALSE,0,0,0
926,100,Win,FALSE,FALSE,TRUE,0,0,3
927,100,Win,FALSE,FALSE,FALSE,2,1,2
928,100,Win,TRUE,FALSE,TRUE,3,0,3
929,100,Win,FALSE,TRUE,TRUE,1,1,1
930,100,Win,FALSE,FALSE,FALSE,0,0,1
931,100,Win,FALSE,FALSE,FALSE,2,0,1
932,100,Fail,TRUE,FALSE,FALSE,1,0,2
933,100,Win,TRUE,FALSE,FALSE,0,0,0
934,100,Fail,TRUE,FALSE,FALSE,0,0,0
935,100,Fail,FALSE,FALSE,TRUE,0,0,1
936,100,Win,TRUE,FALSE,FALSE,1,0,1
937,100,Win,FALSE,FALSE,TRUE,0,0,3
938,100,Win,TRUE,TRUE,TRUE,1,2,4
939,100,Win,TRUE,FALSE,FALSE,1,0,3
940,100,Win,TRUE,TRUE,TRUE,3,1,4
941,100,Fail,FALSE,FALSE,FALSE,0,0,1
942,100,Fail,FALSE,FALSE,FALSE,0,0,0
943,100,Fail,TRUE,FALSE,TRUE,0,0,3
944,100,Win,TRUE,FALSE,TRUE,1,0,2
945,100,Fail,TRUE,FALSE,TRUE,0,0,2
946,100,Win,TRUE,TRUE,TRUE,2,1,4
947,100,Fail,FALSE,FALSE,FALSE,0,0,0
948,100,Fail,TRUE,FALSE,FALSE,0,0,0
949,100,Win,FALSE,FALSE,FALSE,0,0,0
950,100,Fail,TRUE,FALSE,FALSE,1,0,0
951,100,Win,TRUE,FALSE,FALSE,1,0,0
952,100,Win,FALSE,TRUE,FALSE,1,1,2
953,100,Win,FALSE,TRUE,TRUE,1,1,3
954,100,Win,FALSE,FALSE,TRUE,2,1,3
955,100,Win,FALSE,FALSE,TRUE,1,1,5
956,100,Win,TRUE,TRUE,FALSE,0,1,1
957,100,Win,TRUE,FALSE,TRUE,0,0,3
958,100,Win,FALSE,TRUE,FALSE,1,1,1
959,100,Win,FALSE,TRUE,FALSE,3,2,2
960,100,Win,TRUE,TRUE,TRUE,2,1,3
961,100,Win,TRUE,TRUE,TRUE,1,1,2
962,100,Fail,FALSE,FALSE,FALSE,0,0,1
963,100,Fail,TRUE,FALSE,TRUE,0,0,1
964,100,Fail,TRUE,FALSE,FALSE,0,0,0
965,100,Fail,FALSE,FALSE,FALSE,0,0,0
966,100,Win,TRUE,TRUE,FALSE,2,1,3
967,100,Win,FALSE,FALSE,FALSE,1,0,1
968,100,Fail,FALSE,FALSE,FALSE,0,0,0
969,100,Fail,FALSE,FALSE,FALSE,0,0,0
970,100,Fail,FALSE,FALSE,FALSE,0,0,0
971,100,Fail,TRUE,FALSE,FALSE,0,0,3
972,100,Win,FALSE,FALSE,TRUE,1,0,3
973,100,Win,FALSE,FALSE,TRUE,0,0,2
974,100,Fail,TRUE,FALSE,FALSE,0,0,0
975,100,Win,FALSE,TRUE,FALSE,2,1,1
976,100,Fail,FALSE,FALSE,FALSE,0,0,0
977,100,Fail,FALSE,FALSE,FALSE,0,0,1
978,100,Fail,FALSE,FALSE,FALSE,0,0,2
979,100,Win,TRUE,FALSE,TRUE,0,0,3
980,100,Fail,FALSE,FALSE,FALSE,0,0,0
981,100,Win,FALSE,TRUE,FALSE,2,1,2
982,100,Fail,FALSE,FALSE,FALSE,0,0,0
983,100,Win,TRUE,TRUE,FALSE,1,1,0
984,100,Win,FALSE,TRUE,FALSE,3,1,2
985,100,Win,TRUE,FALSE,TRUE,1,0,2
986,100,Win,TRUE,FALSE,FALSE,2,0,1
987,100,Fail,TRUE,FALSE,TRUE,0,0,1
988,100,Win,TRUE,FALSE,TRUE,1,0,2
989,100,Win,FALSE,FALSE,TRUE,1,0,2
990,100,Fail,FALSE,TRUE,TRUE,0,1,1
991,100,Fail,FALSE,FALSE,FALSE,0,0,1
992,100,Fail,TRUE,FALSE,FALSE,0,0,3
993,100,Fail,FALSE,FALSE,FALSE,0,0,0
994,100,Fail,FALSE,FALSE,TRUE,0,0,2
995,100,Win,TRUE,FALSE,FALSE,2,0,0
996,100,Fail,FALSE,FALSE,FALSE,0,0,0
997,100,Fail,TRUE,TRUE,FALSE,0,1,1
998,100,Win,TRUE,TRUE,TRUE,1,1,3
999,100,Win,TRUE,TRUE,FALSE,2,1,0
1000,100,Win,FALSE,TRUE,TRUE,2,2,2
1001,100,Fail,FALSE,FALSE,FALSE,0,0,1
1002,100,Win,TRUE,FALSE,TRUE,1,1,3
1003,100,Fail,FALSE,FALSE,FALSE,0,0,0
1004,100,Win,TRUE,TRUE,FALSE,0,1,2
1005,100,Fail,FALSE,FALSE,TRUE,0,0,2
1006,100,Win,TRUE,FALSE,TRUE,0,0,2
1007,100,Fail,TRUE,TRUE,FALSE,1,2,2
1008,100,Fail,FALSE,FALSE,TRUE,0,0,2
1009,100,Win,TRUE,TRUE,FALSE,4,2,3
1010,100,Fail,TRUE,FALSE,FALSE,0,0,1
1011,100,Win,FALSE,FALSE,FALSE,1,0,2
1012,100,Fail,TRUE,FALSE,TRUE,0,0,1
1013,100,Fail,TRUE,FALSE,FALSE,0,0,2
1014,100,Fail,FALSE,FALSE,TRUE,0,0,1
1015,100,Win,FALSE,TRUE,FALSE,2,1,2
1016,100,Win,TRUE,TRUE,FALSE,1,1,1
1017,100,Fail,FALSE,FALSE,FALSE,0,0,0
1018,100,Fail,FALSE,FALSE,TRUE,0,0,1
1019,100,Fail,FALSE,TRUE,FALSE,0,1,0
1020,100,Fail,TRUE,FALSE,FALSE,0,1,1
1021,100,Win,TRUE,FALSE,TRUE,1,0,3
1022,100,Win,TRUE,FALSE,TRUE,1,0,1
1023,100,Win,TRUE,TRUE,FALSE,1,1,1
1024,100,Win,FALSE,FALSE,FALSE,0,0,1
1025,100,Win,TRUE,FALSE,FALSE,0,0,1
1026,100,Fail,TRUE,FALSE,FALSE,0,0,0
1027,100,Win,TRUE,FALSE,TRUE,2,0,3
1028,100,Fail,FALSE,FALSE,TRUE,0,0,1
1029,100,Fail,FALSE,FALSE,FALSE,0,0,0
1030,100,Fail,FALSE,TRUE,FALSE,0,1,0
1031,100,Fail,FALSE,FALSE,TRUE,0,0,1
1032,100,Fail,FALSE,FALSE,TRUE,0,0,1
1033,100,Win,FALSE,FALSE,FALSE,2,1,2
1034,100,Win,FALSE,FALSE,FALSE,1,0,2
1035,100,Fail,FALSE,FALSE,TRUE,0,0,1
1036,100,Win,TRUE,FALSE,FALSE,0,0,1
1037,100,Fail,FALSE,FALSE,FALSE,0,0,0
1038,100,Fail,FALSE,FALSE,TRUE,0,0,1
1039,100,Fail,TRUE,FALSE,TRUE,0,0,1
1040,100,Fail,FALSE,FALSE,FALSE,0,0,0
1041,100,Fail,TRUE,FALSE,FALSE,0,0,0
1042,100,Fail,FALSE,FALSE,FALSE,0,0,0
1043,100,Win,FALSE,FALSE,TRUE,1,0,2
1044,100,Fail,TRUE,FALSE,TRUE,0,0,1
1045,100,Fail,TRUE,FALSE,FALSE,1,0,0
1046,100,Fail,FALSE,FALSE,FALSE,0,0,0
1047,100,Fail,TRUE,FALSE,FALSE,0,0,0
1048,100,Win,TRUE,FALSE,TRUE,0,0,1
1049,100,Fail,FALSE,FALSE,FALSE,0,0,0
1050,100,Win,TRUE,FALSE,FALSE,2,0,1
1051,100,Fail,FALSE,FALSE,FALSE,0,0,1
1052,100,Fail,TRUE,FALSE,FALSE,0,0,1
1053,100,Fail,TRUE,FALSE,FALSE,0,0,1
1054,100,Fail,TRUE,FALSE,FALSE,0,0,0
1055,100,Fail,FALSE,FALSE,TRUE,0,0,1
1056,100,Win,TRUE,FALSE,TRUE,3,1,2
1057,100,Win,FALSE,FALSE,FALSE,0,0,0
1058,100,Win,FALSE,TRUE,FALSE,0,1,2
1059,100,Fail,FALSE,FALSE,FALSE,0,0,0
1060,100,Win,TRUE,FALSE,FALSE,1,0,0
1061,100,Win,FALSE,FALSE,FALSE,1,0,0
1062,100,Fail,TRUE,TRUE,FALSE,2,1,0
1063,100,Win,TRUE,TRUE,TRUE,2,1,3
1064,100,Fail,FALSE,FALSE,FALSE,0,0,0
1065,100,Fail,TRUE,FALSE,TRUE,0,0,1
1066,100,Win,FALSE,FALSE,TRUE,0,0,4
1067,100,Win,FALSE,FALSE,FALSE,1,0,2
1068,100,Fail,FALSE,FALSE,FALSE,0,0,0
1069,100,Fail,TRUE,FALSE,FALSE,0,0,1
1070,100,Win,TRUE,FALSE,TRUE,1,0,2
1071,100,Fail,TRUE,FALSE,TRUE,0,0,2
1072,100,Fail,TRUE,FALSE,TRUE,0,0,2
1073,100,Win,TRUE,FALSE,FALSE,1,0,0
1074,100,Win,TRUE,FALSE,FALSE,0,0,0
1075,100,Win,TRUE,FALSE,FALSE,2,0,0
1076,100,Win,FALSE,TRUE,TRUE,2,2,3
1077,100,Win,TRUE,FALSE,FALSE,0,0,0
1078,100,Win,TRUE,FALSE,TRUE,1,0,2
1079,100,Fail,FALSE,FALSE,FALSE,0,0,0
1080,100,Win,TRUE,FALSE,FALSE,0,0,0
1081,100,Fail,FALSE,FALSE,TRUE,0,0,2
1082,100,Fail,TRUE,FALSE,TRUE,0,0,1
1083,100,Win,TRUE,FALSE,TRUE,1,0,2
1084,100,Fail,FALSE,FALSE,FALSE,0,0,0
1085,100,Win,FALSE,FALSE,TRUE,0,0,2
1086,100,Win,TRUE,FALSE,FALSE,1,0,1
1087,100,Win,FALSE,TRUE,TRUE,1,1,4
1088,100,Fail,FALSE,FALSE,FALSE,0,0,0
1089,100,Win,TRUE,FALSE,TRUE,0,0,3
1090,100,Win,TRUE,TRUE,TRUE,2,1,3
1091,100,Win,FALSE,TRUE,FALSE,2,1,2
1092,100,Fail,FALSE,TRUE,FALSE,0,1,0
1093,100,Win,FALSE,FALSE,TRUE,1,0,2
1094,100,Fail,FALSE,FALSE,FALSE,1,0,1
1095,100,Win,FALSE,FALSE,FALSE,1,0,1
1096,100,Fail,TRUE,FALSE,FALSE,0,0,0
1097,100,Fail,FALSE,FALSE,TRUE,0,0,2
1098,100,Fail,TRUE,FALSE,FALSE,0,0,0
1099,100,Win,TRUE,TRUE,TRUE,1,1,3
1100,100,Fail,TRUE,FALSE,TRUE,0,0,2
1101,100,Win,TRUE,FALSE,FALSE,2,0,0
1102,100,Win,TRUE,FALSE,TRUE,1,0,2
1103,100,Win,TRUE,TRUE,FALSE,2,2,2
1104,100,Fail,FALSE,FALSE,FALSE,0,0,2
1105,100,Win,FALSE,FALSE,TRUE,0,0,2
1106,100,Win,FALSE,FALSE,FALSE,2,0,1
1107,100,Win,TRUE,FALSE,FALSE,1,0,1
1108,100,Win,TRUE,FALSE,FALSE,1,0,0
1109,100,Win,TRUE,FALSE,FALSE,1,0,0
1110,100,Win,FALSE,TRUE,FALSE,1,1,2
1111,100,Win,TRUE,FALSE,FALSE,0,0,1
1112,100,Win,TRUE,FALSE,TRUE,0,0,3
1113,100,Win,TRUE,TRUE,TRUE,2,1,2
1114,100,Fail,FALSE,FALSE,FALSE,0,0,0
1115,100,Fail,FALSE,FALSE,FALSE,0,0,0
1116,100,Win,TRUE,FALSE,FALSE,0,0,0
1117,100,Win,TRUE,FALSE,FALSE,0,0,0
1118,100,Win,FALSE,FALSE,FALSE,1,0,0
1119,100,Fail,TRUE,FALSE,FALSE,0,0,0
1120,100,Win,TRUE,FALSE,FALSE,0,0,0
1121,100,Fail,TRUE,FALSE,FALSE,1,0,0
1122,100,Fail,TRUE,FALSE,FALSE,0,0,0
1123,100,Fail,FALSE,FALSE,TRUE,0,0,3
1124,100,Win,TRUE,FALSE,TRUE,1,0,4
1125,100,Fail,TRUE,FALSE,FALSE,0,0,0
1126,100,Win,TRUE,TRUE,TRUE,1,1,2
1127,100,Fail,FALSE,FALSE,FALSE,0,0,0
1128,100,Win,TRUE,FALSE,TRUE,0,0,2
1129,100,Fail,FALSE,FALSE,FALSE,0,0,0
1130,100,Fail,FALSE,FALSE,FALSE,0,0,0
1131,100,Fail,TRUE,TRUE,FALSE,0,1,2
1132,100,Win,FALSE,TRUE,TRUE,1,1,3
1133,100,Win,FALSE,FALSE,TRUE,1,0,2
1134,100,Win,TRUE,FALSE,FALSE,1,0,0
1135,100,Win,TRUE,FALSE,FALSE,1,0,0
1136,100,Fail,TRUE,FALSE,FALSE,0,0,0
1137,100,Fail,FALSE,FALSE,TRUE,0,0,2
1138,100,Fail,FALSE,FALSE,FALSE,0,0,0
1139,100,Fail,FALSE,FALSE,FALSE,0,0,0
1140,100,Fail,FALSE,FALSE,FALSE,0,0,1
1141,100,Fail,FALSE,FALSE,FALSE,0,0,2
1142,100,Win,FALSE,TRUE,FALSE,2,1,2
1143,100,Fail,TRUE,FALSE,FALSE,0,0,0
1144,100,Win,TRUE,FALSE,FALSE,0,0,2
1145,100,Fail,FALSE,FALSE,TRUE,0,0,1
1146,100,Fail,TRUE,FALSE,TRUE,1,0,3
1147,100,Fail,FALSE,FALSE,TRUE,0,0,1
1148,100,Fail,FALSE,FALSE,FALSE,0,0,0
1149,100,Win,FALSE,TRUE,FALSE,1,1,1
1150,100,Win,FALSE,TRUE,TRUE,1,1,3
1151,100,Fail,FALSE,FALSE,FALSE,0,0,0
1152,100,Fail,FALSE,FALSE,TRUE,2,0,4
1153,100,Win,FALSE,TRUE,FALSE,0,1,2
1154,100,Fail,FALSE,FALSE,FALSE,1,0,0
1155,100,Fail,TRUE,FALSE,TRUE,0,0,3
1156,100,Win,FALSE,TRUE,FALSE,1,2,1
1157,100,Win,FALSE,FALSE,FALSE,0,0,0
1158,100,Win,TRUE,TRUE,FALSE,0,1,0
1159,100,Win,TRUE,TRUE,TRUE,2,1,3
1160,100,Fail,FALSE,FALSE,TRUE,0,0,2
1161,100,Win,FALSE,FALSE,TRUE,1,0,2
1162,100,Fail,FALSE,FALSE,FALSE,0,0,0
1163,100,Fail,FALSE,FALSE,FALSE,0,0,1
1164,100,Fail,TRUE,FALSE,FALSE,0,0,0
1165,100,Fail,FALSE,FALSE,FALSE,0,0,0
1166,100,Fail,FALSE,TRUE,TRUE,0,1,2
1167,100,Win,TRUE,FALSE,TRUE,0,0,2
1168,100,Fail,FALSE,FALSE,FALSE,1,0,1
1169,100,Fail,FALSE,TRUE,TRUE,0,1,3
1170,100,Fail,TRUE,FALSE,FALSE,0,0,0
1171,100,Win,FALSE,FALSE,FALSE,2,0,0
1172,100,Win,FALSE,TRUE,FALSE,1,2,2
1173,100,Fail,TRUE,FALSE,TRUE,1,0,2
1174,100,Win,FALSE,FALSE,TRUE,0,0,2
1175,100,Win,TRUE,FALSE,FALSE,1,0,2
1176,100,Fail,FALSE,FALSE,FALSE,0,0,1
1177,100,Fail,FALSE,FALSE,TRUE,0,1,2
1178,100,Fail,TRUE,FALSE,FALSE,0,0,0
1179,100,Win,TRUE,TRUE,TRUE,2,2,3
1180,100,Win,FALSE,TRUE,FALSE,1,1,2
1181,100,Fail,TRUE,FALSE,FALSE,0,0,0
1182,100,Win,FALSE,FALSE,FALSE,1,1,3
1183,100,Fail,FALSE,FALSE,FALSE,0,0,0
1184,100,Fail,FALSE,FALSE,TRUE,0,0,2
1185,100,Win,FALSE,TRUE,TRUE,1,1,3
1186,100,Fail,FALSE,FALSE,FALSE,0,0,0
1187,100,Win,TRUE,FALSE,FALSE,0,0,0
1188,100,Fail,FALSE,FALSE,TRUE,0,0,3
1189,100,Win,FALSE,TRUE,FALSE,1,2,2
1190,100,Fail,FALSE,FALSE,FALSE,0,0,0
1191,100,Win,TRUE,FALSE,TRUE,1,0,1
1192,100,Fail,FALSE,FALSE,FALSE,0,0,0
1193,100,Win,TRUE,TRUE,TRUE,2,1,3
1194,100,Fail,TRUE,FALSE,FALSE,0,0,0
1195,100,Fail,FALSE,FALSE,TRUE,0,0,2
1196,100,Win,TRUE,TRUE,FALSE,2,1,3
1197,100,Win,TRUE,TRUE,TRUE,2,1,2
1198,100,Win,FALSE,TRUE,FALSE,0,1,1
1199,100,Fail,FALSE,FALSE,TRUE,0,0,2
1200,100,Fail,FALSE,FALSE,FALSE,0,0,1
1201,100,Fail,TRUE,TRUE,TRUE,1,3,2
1202,100,Fail,FALSE,FALSE,FALSE,0,0,0
1203,100,Fail,FALSE,FALSE,FALSE,0,0,0
1204,100,Win,FALSE,TRUE,TRUE,3,1,3
1205,100,Fail,TRUE,FALSE,TRUE,0,0,1
1206,100,Fail,FALSE,FALSE,FALSE,0,0,0
1207,100,Win,TRUE,FALSE,FALSE,1,0,1
1208,100,Fail,TRUE,FALSE,FALSE,0,0,2
1209,100,Fail,TRUE,FALSE,FALSE,0,0,0
1210,100,Fail,TRUE,FALSE,FALSE,0,0,1
1211,100,Win,TRUE,TRUE,FALSE,1,1,3
1212,100,Fail,FALSE,TRUE,FALSE,0,1,1
1213,100,Fail,FALSE,FALSE,FALSE,0,0,3
1214,100,Win,TRUE,TRUE,FALSE,1,1,1
1215,100,Win,TRUE,FALSE,TRUE,1,0,2
1216,100,Fail,FALSE,FALSE,FALSE,0,0,0
1217,100,Win,FALSE,FALSE,TRUE,0,0,3
1218,100,Win,TRUE,FALSE,TRUE,0,0,2
1219,100,Win,TRUE,FALSE,TRUE,2,0,1
1220,100,Fail,FALSE,FALSE,FALSE,0,0,1
1221,100,Win,FALSE,TRUE,FALSE,2,1,1
1222,100,Fail,FALSE,FALSE,FALSE,0,0,0
1223,100,Win,FALSE,FALSE,FALSE,1,0,0
1224,100,Fail,FALSE,FALSE,TRUE,0,0,1
1225,100,Fail,TRUE,FALSE,TRUE,0,0,1
1226,100,Fail,FALSE,TRUE,FALSE,0,1,2
1227,100,Win,FALSE,FALSE,TRUE,1,0,3
1228,100,Fail,FALSE,FALSE,FALSE,0,0,0
1229,100,Win,TRUE,FALSE,TRUE,1,0,2
1230,100,Win,TRUE,FALSE,TRUE,0,0,2
1231,100,Fail,FALSE,FALSE,FALSE,0,0,0
1232,100,Win,TRUE,FALSE,FALSE,0,0,0
1233,100,Win,FALSE,FALSE,FALSE,1,0,0
1234,100,Win,FALSE,FALSE,FALSE,0,0,0
1235,100,Win,TRUE,TRUE,TRUE,1,1,1
1236,100,Fail,TRUE,FALSE,FALSE,0,0,0
1237,100,Fail,FALSE,FALSE,FALSE,0,0,1
1238,100,Fail,FALSE,FALSE,FALSE,0,0,0
1239,100,Fail,FALSE,FALSE,FALSE,0,0,0
1240,100,Fail,FALSE,FALSE,FALSE,0,0,0
1241,100,Fail,FALSE,TRUE,FALSE,0,1,1
1242,100,Fail,FALSE,FALSE,FALSE,0,0,0
1243,100,Win,FALSE,TRUE,FALSE,1,2,0
1244,100,Fail,TRUE,FALSE,FALSE,0,1,1
1245,100,Fail,TRUE,FALSE,FALSE,0,0,0
1246,100,Fail,FALSE,FALSE,FALSE,0,0,0
1247,100,Win,TRUE,TRUE,TRUE,2,1,3
1248,100,Win,FALSE,TRUE,TRUE,1,1,4
1249,100,Win,TRUE,FALSE,FALSE,1,0,0
1250,100,Win,TRUE,TRUE,FALSE,1,1,2
1251,100,Fail,FALSE,FALSE,TRUE,0,0,3
1252,100,Win,FALSE,TRUE,FALSE,1,1,4
1253,100,Fail,FALSE,FALSE,FALSE,0,0,0
1254,100,Fail,TRUE,FALSE,FALSE,0,0,0
1255,100,Fail,FALSE,FALSE,FALSE,0,0,0
1256,100,Fail,TRUE,TRUE,TRUE,0,1,2
1257,100,Fail,TRUE,FALSE,FALSE,0,0,0
1258,100,Fail,TRUE,FALSE,FALSE,0,0,0
1259,100,Win,FALSE,FALSE,TRUE,1,0,2
1260,100,Fail,TRUE,FALSE,FALSE,0,0,0
1261,100,Fail,FALSE,FALSE,TRUE,0,0,1
1262,100,Win,TRUE,FALSE,FALSE,1,0,0
1263,100,Fail,FALSE,FALSE,FALSE,0,0,0
1264,100,Win,FALSE,FALSE,FALSE,1,0,1
1265,100,Win,TRUE,FALSE,FALSE,2,0,1
1266,100,Win,TRUE,FALSE,TRUE,1,1,4
1267,100,Fail,TRUE,FALSE,FALSE,0,0,1
1268,100,Fail,TRUE,FALSE,FALSE,0,0,1
1269,100,Win,TRUE,FALSE,TRUE,1,0,3
1270,100,Fail,TRUE,FALSE,FALSE,0,0,1
1271,100,Win,TRUE,FALSE,TRUE,0,0,2
1272,100,Fail,FALSE,FALSE,TRUE,0,0,2
1273,100,Fail,FALSE,FALSE,FALSE,0,0,0
1274,100,Win,FALSE,FALSE,FALSE,2,0,0
1275,100,Win,FALSE,FALSE,FALSE,2,0,0
1276,100,Fail,FALSE,FALSE,FALSE,0,0,0
1277,100,Fail,TRUE,TRUE,FALSE,2,1,0
1278,100,Win,TRUE,FALSE,TRUE,0,0,1
1279,100,Fail,FALSE,FALSE,FALSE,0,0,0
1280,100,Win,FALSE,TRUE,FALSE,1,1,1
1281,100,Win,TRUE,TRUE,FALSE,1,1,2
1282,100,Win,TRUE,FALSE,FALSE,1,0,0
1283,100,Fail,TRUE,TRUE,TRUE,3,1,2
1284,100,Fail,TRUE,TRUE,FALSE,0,2,3
1285,100,Fail,FALSE,FALSE,FALSE,0,0,0
1286,100,Fail,FALSE,FALSE,FALSE,0,0,1
1287,100,Fail,TRUE,FALSE,FALSE,0,0,1
1288,100,Win,TRUE,TRUE,FALSE,2,1,2
1289,100,Win,FALSE,TRUE,FALSE,1,1,1
1290,100,Win,TRUE,FALSE,TRUE,1,0,3
1291,100,Fail,FALSE,FALSE,FALSE,0,0,0
1292,100,Win,TRUE,TRUE,FALSE,1,2,1
1293,100,Fail,TRUE,FALSE,FALSE,1,0,0
1294,100,Win,TRUE,FALSE,FALSE,2,0,2
1295,100,Fail,FALSE,FALSE,TRUE,0,0,2
1296,100,Fail,TRUE,FALSE,TRUE,0,0,1
1297,100,Win,TRUE,FALSE,TRUE,1,0,2
1298,100,Win,FALSE,FALSE,FALSE,2,0,0
1299,100,Win,FALSE,TRUE,TRUE,1,1,2
1300,100,Win,FALSE,FALSE,FALSE,1,0,1
1301,100,Fail,FALSE,FALSE,TRUE,0,0,2
1302,100,Win,FALSE,FALSE,FALSE,1,0,1
1303,100,Fail,FALSE,FALSE,FALSE,0,0,0
1304,100,Win,TRUE,TRUE,TRUE,2,1,2
1305,100,Win,TRUE,FALSE,FALSE,1,0,1
1306,100,Fail,TRUE,FALSE,FALSE,0,0,0
1307,100,Win,TRUE,FALSE,TRUE,0,0,3
1308,100,Win,TRUE,TRUE,FALSE,2,1,2
1309,100,Win,TRUE,TRUE,TRUE,1,1,2
1310,100,Fail,TRUE,FALSE,FALSE,0,0,0
1311,100,Fail,TRUE,FALSE,FALSE,0,0,0
1312,100,Win,TRUE,FALSE,TRUE,0,0,2
1313,100,Win,FALSE,TRUE,TRUE,1,1,3
1314,100,Fail,FALSE,FALSE,FALSE,0,0,0
1315,100,Win,FALSE,TRUE,TRUE,0,1,4
1316,100,Win,TRUE,FALSE,TRUE,0,0,3
1317,100,Win,FALSE,TRUE,FALSE,1,1,4
1318,100,Win,TRUE,TRUE,TRUE,2,1,2
1319,100,Win,TRUE,FALSE,TRUE,0,0,1
1320,100,Win,TRUE,TRUE,TRUE,1,2,4
1321,100,Fail,FALSE,FALSE,FALSE,0,0,0
1322,100,Fail,FALSE,FALSE,FALSE,0,0,0
1323,100,Win,TRUE,FALSE,FALSE,0,0,0
1324,100,Win,TRUE,TRUE,FALSE,1,2,2
1325,100,Win,TRUE,TRUE,TRUE,0,1,3
1326,100,Fail,FALSE,FALSE,FALSE,0,0,1
1327,100,Win,TRUE,FALSE,TRUE,0,0,2
1328,100,Fail,FALSE,FALSE,FALSE,0,0,1
1329,100,Win,FALSE,FALSE,FALSE,2,0,1
1330,100,Win,FALSE,FALSE,TRUE,2,0,3
1331,100,Win,TRUE,FALSE,TRUE,1,0,3
1332,100,Fail,FALSE,FALSE,TRUE,0,0,1
1333,100,Fail,TRUE,FALSE,FALSE,0,0,0
1334,100,Fail,TRUE,FALSE,FALSE,0,0,0
1335,100,Win,TRUE,FALSE,TRUE,0,0,2
1336,100,Win,TRUE,TRUE,FALSE,1,1,2
1337,100,Fail,TRUE,FALSE,FALSE,0,0,0
1338,100,Fail,FALSE,FALSE,FALSE,0,0,0
1339,100,Win,TRUE,TRUE,TRUE,1,1,4
1340,100,Fail,TRUE,FALSE,TRUE,0,0,2
1341,100,Win,TRUE,FALSE,TRUE,1,0,1
1342,100,Fail,FALSE,FALSE,FALSE,0,0,0
1343,100,Win,TRUE,FALSE,TRUE,0,0,1
1344,100,Fail,TRUE,FALSE,FALSE,0,0,0
1345,100,Win,TRUE,FALSE,FALSE,2,0,0
1346,100,Fail,FALSE,FALSE,FALSE,0,0,1
1347,100,Win,TRUE,FALSE,TRUE,0,0,2
1348,100,Fail,FALSE,FALSE,FALSE,0,0,0
1349,100,Fail,TRUE,FALSE,FALSE,0,0,0
1350,100,Win,FALSE,FALSE,FALSE,1,0,1
1351,100,Fail,TRUE,FALSE,FALSE,0,0,2
1352,100,Win,TRUE,FALSE,TRUE,0,0,3
1353,100,Fail,FALSE,FALSE,FALSE,0,0,0
1354,100,Fail,TRUE,FALSE,FALSE,0,0,3
1355,100,Fail,FALSE,FALSE,FALSE,0,0,1
1356,100,Fail,FALSE,TRUE,FALSE,0,1,0
1357,100,Win,FALSE,TRUE,FALSE,1,1,0
1358,100,Win,TRUE,FALSE,TRUE,1,0,2
1359,100,Win,TRUE,FALSE,TRUE,0,0,2
1360,100,Win,TRUE,TRUE,TRUE,1,1,3
1361,100,Win,TRUE,TRUE,FALSE,1,1,2
1362,100,Win,FALSE,TRUE,FALSE,2,1,2
1363,100,Fail,FALSE,FALSE,FALSE,0,0,0
1364,100,Fail,FALSE,FALSE,TRUE,0,0,1
1365,100,Win,TRUE,FALSE,TRUE,2,0,3
1366,100,Win,TRUE,FALSE,TRUE,2,0,2
1367,100,Win,TRUE,FALSE,TRUE,0,0,1
1368,100,Win,FALSE,FALSE,TRUE,0,0,2
1369,100,Win,TRUE,TRUE,TRUE,2,1,2
1370,100,Win,FALSE,FALSE,TRUE,0,0,3
1371,100,Fail,FALSE,FALSE,TRUE,0,0,1
1372,100,Win,TRUE,FALSE,TRUE,0,0,2
1373,100,Fail,FALSE,FALSE,FALSE,0,0,0
1374,100,Fail,TRUE,FALSE,TRUE,0,0,2
1375,100,Win,TRUE,FALSE,FALSE,2,0,2
1376,100,Win,TRUE,FALSE,TRUE,1,0,2
1377,100,Win,FALSE,TRUE,TRUE,0,1,3
1378,100,Win,FALSE,TRUE,TRUE,1,1,2
1379,100,Win,FALSE,TRUE,FALSE,2,1,3
1380,100,Fail,FALSE,FALSE,FALSE,0,0,0
1381,100,Win,FALSE,TRUE,TRUE,1,1,2
1382,100,Fail,FALSE,FALSE,FALSE,0,0,0
1383,100,Win,FALSE,FALSE,TRUE,0,0,2
1384,100,Win,TRUE,FALSE,FALSE,1,0,2
1385,100,Win,TRUE,FALSE,TRUE,1,0,3
1386,100,Fail,TRUE,FALSE,TRUE,0,0,2
1387,100,Fail,FALSE,TRUE,FALSE,0,1,1
1388,100,Win,TRUE,FALSE,TRUE,0,0,3
1389,100,Win,FALSE,TRUE,FALSE,1,1,2
1390,100,Fail,FALSE,FALSE,FALSE,0,0,0
1391,100,Win,TRUE,TRUE,TRUE,2,1,3
1392,100,Win,FALSE,FALSE,TRUE,0,0,2
1393,100,Win,TRUE,TRUE,FALSE,3,1,2
1394,100,Fail,FALSE,FALSE,TRUE,0,0,2
1395,100,Fail,FALSE,FALSE,TRUE,0,0,1
1396,100,Win,TRUE,FALSE,FALSE,1,0,2
1397,100,Win,TRUE,FALSE,TRUE,0,0,2
1398,100,Win,FALSE,TRUE,FALSE,2,1,2
1399,100,Win,TRUE,FALSE,TRUE,1,0,4
1400,100,Win,TRUE,FALSE,FALSE,1,0,0
1401,100,Fail,FALSE,FALSE,FALSE,0,0,0
1402,100,Fail,FALSE,FALSE,FALSE,0,0,0
1403,100,Win,TRUE,FALSE,FALSE,2,0,0
1404,100,Win,TRUE,FALSE,FALSE,1,0,0
1405,100,Win,FALSE,FALSE,TRUE,1,0,3
1406,100,Win,FALSE,TRUE,FALSE,1,2,0
1407,100,Win,TRUE,FALSE,FALSE,0,0,0
1408,100,Fail,TRUE,FALSE,FALSE,0,0,0
1409,100,Win,FALSE,FALSE,FALSE,1,0,1
1410,100,Win,TRUE,FALSE,FALSE,0,0,0
1411,100,Fail,FALSE,FALSE,FALSE,0,0,1
1412,100,Win,FALSE,FALSE,TRUE,0,0,1
1413,100,Fail,FALSE,FALSE,FALSE,0,0,2
1414,100,Fail,TRUE,FALSE,TRUE,0,0,2
1415,100,Fail,FALSE,TRUE,FALSE,2,1,1
1416,100,Win,TRUE,FALSE,FALSE,1,0,0
1417,100,Win,FALSE,FALSE,TRUE,0,0,4
1418,100,Fail,FALSE,FALSE,FALSE,0,0,0
1419,100,Win,FALSE,TRUE,FALSE,2,1,2
1420,100,Fail,TRUE,FALSE,TRUE,0,0,1
1421,100,Win,TRUE,TRUE,FALSE,0,1,2
1422,100,Fail,FALSE,FALSE,FALSE,0,0,1
1423,100,Win,TRUE,FALSE,TRUE,0,0,2
1424,100,Fail,TRUE,FALSE,TRUE,0,0,1
1425,100,Win,FALSE,TRUE,FALSE,2,1,1
1426,100,Win,TRUE,FALSE,TRUE,0,0,2
1427,100,Fail,FALSE,FALSE,TRUE,0,0,3
1428,100,Fail,FALSE,FALSE,FALSE,0,0,0
1429,100,Win,TRUE,TRUE,TRUE,1,1,2
1430,100,Win,TRUE,FALSE,FALSE,0,0,0
1431,100,Win,TRUE,FALSE,FALSE,0,0,2
1432,100,Win,TRUE,TRUE,FALSE,0,1,2
1433,100,Win,TRUE,TRUE,FALSE,0,1,2
1434,100,Win,TRUE,TRUE,TRUE,0,1,2
1435,100,Fail,FALSE,FALSE,FALSE,0,0,1
1436,100,Win,TRUE,FALSE,TRUE,0,0,2
1437,100,Fail,TRUE,FALSE,FALSE,0,0,0
1438,100,Fail,FALSE,FALSE,FALSE,0,0,0
1439,100,Win,FALSE,FALSE,FALSE,1,0,0
1440,100,Fail,TRUE,FALSE,FALSE,0,0,0
1441,100,Win,TRUE,FALSE,FALSE,1,0,0
1442,100,Win,TRUE,FALSE,FALSE,1,0,0
1443,100,Fail,FALSE,FALSE,FALSE,0,0,0
1444,100,Win,FALSE,FALSE,FALSE,2,0,0
1445,100,Win,TRUE,FALSE,FALSE,1,0,0
1446,100,Fail,TRUE,FALSE,FALSE,1,0,0
1447,100,Win,FALSE,FALSE,FALSE,1,0,0
1448,100,Fail,FALSE,FALSE,FALSE,0,0,0
1449,100,Win,TRUE,FALSE,TRUE,2,0,2
1450,100,Fail,FALSE,FALSE,FALSE,0,0,0
1451,100,Fail,TRUE,TRUE,TRUE,0,1,2
1452,100,Fail,TRUE,FALSE,TRUE,0,0,1
1453,100,Fail,FALSE,FALSE,FALSE,0,0,0
1454,100,Fail,FALSE,FALSE,FALSE,0,0,0
1455,100,Win,FALSE,FALSE,TRUE,0,0,1
1456,100,Win,FALSE,FALSE,TRUE,0,0,2
1457,100,Win,TRUE,FALSE,TRUE,0,0,1
1458,100,Win,FALSE,FALSE,TRUE,1,0,1
1459,100,Fail,FALSE,FALSE,FALSE,0,1,1
1460,100,Win,TRUE,TRUE,FALSE,0,1,1
1461,100,Win,TRUE,TRUE,FALSE,1,1,1
1462,100,Fail,TRUE,FALSE,TRUE,0,0,2
1463,100,Fail,FALSE,FALSE,TRUE,0,0,1
1464,100,Win,TRUE,TRUE,TRUE,1,2,3
1465,100,Win,TRUE,FALSE,FALSE,0,0,2
1466,100,Fail,FALSE,FALSE,FALSE,0,0,0
1467,100,Win,TRUE,TRUE,FALSE,2,1,2
1468,100,Fail,TRUE,FALSE,TRUE,0,0,1
1469,100,Win,FALSE,TRUE,TRUE,4,1,4
1470,100,Fail,FALSE,FALSE,TRUE,0,0,3
1471,100,Fail,FALSE,FALSE,FALSE,0,0,0
1472,100,Fail,FALSE,TRUE,TRUE,0,1,1
1473,100,Win,FALSE,TRUE,FALSE,1,2,2
1474,100,Fail,FALSE,FALSE,FALSE,0,0,0
1475,100,Win,TRUE,TRUE,TRUE,3,1,3
1476,100,Fail,FALSE,FALSE,TRUE,0,0,1
1477,100,Win,TRUE,FALSE,TRUE,0,0,2
1478,100,Win,FALSE,FALSE,FALSE,1,0,2
1479,100,Fail,TRUE,FALSE,FALSE,0,0,0
1480,100,Fail,TRUE,TRUE,FALSE,0,1,2
1481,100,Win,TRUE,TRUE,TRUE,1,1,2
1482,100,Win,TRUE,FALSE,FALSE,1,0,0
1483,100,Fail,FALSE,FALSE,FALSE,0,0,0
1484,100,Win,TRUE,FALSE,TRUE,0,0,3
1485,100,Win,TRUE,FALSE,TRUE,1,1,4
1486,100,Fail,TRUE,FALSE,FALSE,0,0,0
1487,100,Fail,TRUE,FALSE,TRUE,0,1,2
1488,100,Fail,FALSE,FALSE,FALSE,0,0,1
1489,100,Win,FALSE,TRUE,FALSE,2,1,1
1490,100,Win,TRUE,TRUE,TRUE,1,1,3
1491,100,Fail,TRUE,FALSE,TRUE,0,0,2
1492,100,Win,TRUE,TRUE,FALSE,1,1,3
1493,100,Win,FALSE,TRUE,TRUE,2,1,2
1494,100,Win,FALSE,FALSE,FALSE,0,0,1
1495,100,Fail,TRUE,FALSE,FALSE,0,0,2
1496,100,Fail,FALSE,FALSE,FALSE,0,0,1
1497,100,Win,TRUE,FALSE,TRUE,0,0,3
1498,100,Fail,TRUE,FALSE,FALSE,1,0,1
1499,100,Win,FALSE,FALSE,FALSE,1,0,0
1500,100,Win,TRUE,FALSE,TRUE,1,0,3
1501,100,Win,TRUE,FALSE,FALSE,1,0,1
1502,100,Win,FALSE,TRUE,TRUE,0,1,2
1503,100,Fail,TRUE,FALSE,FALSE,0,0,1
1504,100,Win,TRUE,TRUE,TRUE,1,1,4
1505,100,Fail,TRUE,TRUE,TRUE,0,1,2
1506,100,Fail,FALSE,TRUE,FALSE,0,1,0
1507,100,Fail,FALSE,FALSE,FALSE,0,0,1
1508,100,Fail,TRUE,TRUE,FALSE,0,1,1
1509,100,Win,TRUE,FALSE,FALSE,0,0,2
1510,100,Fail,FALSE,FALSE,TRUE,0,0,1
1511,100,Fail,FALSE,FALSE,FALSE,0,0,1
1512,100,Win,FALSE,TRUE,TRUE,1,1,3
1513,100,Win,TRUE,FALSE,FALSE,0,0,1
1514,100,Win,TRUE,FALSE,TRUE,0,0,4
1515,100,Win,TRUE,TRUE,TRUE,1,1,3
1516,100,Fail,FALSE,TRUE,TRUE,1,1,2
1517,100,Win,TRUE,FALSE,FALSE,1,0,1
1518,100,Win,TRUE,FALSE,TRUE,0,0,2
1519,100,Win,FALSE,FALSE,TRUE,2,0,2
1520,100,Win,TRUE,FALSE,FALSE,0,0,2
1521,100,Win,FALSE,FALSE,TRUE,2,0,2
1522,100,Fail,FALSE,FALSE,FALSE,0,0,1
1523,100,Fail,FALSE,FALSE,FALSE,0,0,0
1524,100,Win,FALSE,TRUE,FALSE,3,1,2
1525,100,Fail,TRUE,FALSE,FALSE,0,0,1
1526,100,Fail,FALSE,FALSE,FALSE,0,0,1
1527,100,Win,FALSE,FALSE,FALSE,0,0,0
1528,100,Fail,FALSE,FALSE,FALSE,0,0,0
1529,100,Win,TRUE,FALSE,FALSE,1,0,1
1530,100,Win,TRUE,FALSE,FALSE,0,0,0
1531,100,Fail,TRUE,FALSE,TRUE,0,0,2
1532,100,Fail,TRUE,FALSE,FALSE,0,0,2
1533,100,Fail,FALSE,FALSE,FALSE,0,0,0
1534,100,Win,TRUE,TRUE,FALSE,2,2,2
1535,100,Win,FALSE,TRUE,TRUE,0,1,2
1536,100,Win,TRUE,TRUE,TRUE,1,1,4
1537,100,Win,TRUE,FALSE,FALSE,2,0,1
1538,100,Fail,FALSE,FALSE,FALSE,0,0,1
1539,100,Win,TRUE,TRUE,TRUE,1,1,2
1540,100,Fail,FALSE,FALSE,TRUE,0,0,3
1541,100,Fail,TRUE,FALSE,TRUE,0,0,2
1542,100,Fail,FALSE,FALSE,FALSE,0,0,1
1543,100,Fail,FALSE,FALSE,TRUE,0,0,1
1544,100,Fail,TRUE,FALSE,TRUE,0,0,3
1545,100,Fail,TRUE,FALSE,TRUE,0,0,1
1546,100,Win,FALSE,TRUE,TRUE,1,1,3
1547,100,Win,TRUE,TRUE,FALSE,1,1,2
1548,100,Win,TRUE,TRUE,FALSE,1,1,4
1549,100,Win,TRUE,FALSE,TRUE,1,0,2
1550,100,Win,FALSE,TRUE,TRUE,1,1,4
1551,100,Fail,TRUE,FALSE,TRUE,0,0,2
1552,100,Fail,FALSE,FALSE,FALSE,0,0,0
1553,100,Win,TRUE,TRUE,TRUE,1,1,4
1554,100,Win,FALSE,FALSE,FALSE,1,1,3
1555,100,Fail,TRUE,FALSE,FALSE,0,0,0
1556,100,Fail,FALSE,FALSE,FALSE,0,0,1
1557,100,Fail,FALSE,FALSE,FALSE,0,0,1
1558,100,Win,FALSE,FALSE,TRUE,1,0,3
1559,100,Fail,FALSE,FALSE,TRUE,0,0,1
1560,100,Win,TRUE,TRUE,FALSE,1,1,2
1561,100,Fail,TRUE,FALSE,FALSE,0,0,0
1562,100,Win,FALSE,TRUE,FALSE,1,2,1
1563,100,Win,TRUE,TRUE,FALSE,3,1,2
1564,100,Win,TRUE,TRUE,FALSE,3,1,3
1565,100,Win,TRUE,TRUE,TRUE,1,1,2
1566,100,Win,FALSE,TRUE,FALSE,2,1,3
1567,100,Win,TRUE,TRUE,TRUE,1,1,3
1568,100,Fail,FALSE,FALSE,TRUE,0,0,2
1569,100,Fail,TRUE,FALSE,FALSE,0,0,3
1570,100,Win,FALSE,FALSE,TRUE,1,0,3
1571,100,Fail,TRUE,FALSE,TRUE,0,0,2
1572,100,Win,TRUE,TRUE,FALSE,1,1,3
1573,100,Fail,FALSE,FALSE,FALSE,0,0,0
1574,100,Fail,FALSE,FALSE,TRUE,0,1,1
1575,100,Fail,FALSE,FALSE,FALSE,0,0,0
1576,100,Fail,FALSE,FALSE,FALSE,0,0,0
1577,100,Fail,TRUE,FALSE,TRUE,0,0,2
1578,100,Fail,FALSE,FALSE,TRUE,0,0,1
1579,100,Fail,FALSE,FALSE,FALSE,0,0,1
1580,100,Win,TRUE,FALSE,TRUE,2,0,4
1581,100,Win,TRUE,TRUE,FALSE,2,1,3
1582,100,Fail,TRUE,FALSE,TRUE,0,0,2
1583,100,Win,FALSE,TRUE,FALSE,1,1,2
1584,100,Fail,TRUE,FALSE,FALSE,0,0,1
1585,100,Win,FALSE,FALSE,FALSE,2,0,1
1586,100,Win,TRUE,FALSE,FALSE,2,0,3
1587,100,Win,TRUE,TRUE,TRUE,0,1,2
1588,100,Win,TRUE,FALSE,FALSE,0,0,1
1589,100,Fail,FALSE,FALSE,FALSE,0,0,1
1590,100,Win,TRUE,FALSE,TRUE,0,0,3
1591,100,Fail,FALSE,FALSE,FALSE,0,0,0
1592,100,Win,FALSE,FALSE,TRUE,2,2,4
1593,100,Fail,FALSE,FALSE,FALSE,0,0,0
1594,100,Fail,FALSE,FALSE,FALSE,0,0,0
1595,100,Win,FALSE,FALSE,TRUE,1,0,3
1596,100,Fail,FALSE,FALSE,TRUE,0,0,2
1597,100,Win,TRUE,FALSE,TRUE,0,0,2
1598,100,Win,TRUE,TRUE,TRUE,2,1,3
1599,100,Win,TRUE,FALSE,TRUE,0,0,2
1600,100,Fail,FALSE,FALSE,FALSE,0,0,1
1601,100,Win,FALSE,TRUE,FALSE,2,1,3
1602,100,Fail,FALSE,FALSE,FALSE,0,0,1
1603,100,Fail,TRUE,FALSE,FALSE,0,0,0
1604,100,Win,FALSE,TRUE,FALSE,1,1,1
1605,100,Win,FALSE,TRUE,FALSE,1,2,0
1606,100,Win,TRUE,FALSE,FALSE,2,0,1
1607,100,Win,FALSE,FALSE,FALSE,1,0,0
1608,100,Win,TRUE,TRUE,FALSE,2,2,3
1609,100,Fail,FALSE,FALSE,FALSE,0,0,0
1610,100,Fail,FALSE,FALSE,FALSE,1,0,0
1611,100,Fail,TRUE,FALSE,TRUE,0,0,2
1612,100,Win,TRUE,FALSE,TRUE,1,0,2
1613,100,Fail,TRUE,FALSE,FALSE,0,0,1
1614,100,Fail,TRUE,FALSE,FALSE,0,0,1
1615,100,Win,FALSE,TRUE,FALSE,1,1,3
1616,100,Fail,FALSE,FALSE,FALSE,0,0,1
1617,100,Win,FALSE,TRUE,FALSE,1,1,3
1618,100,Fail,FALSE,FALSE,TRUE,0,0,1
1619,100,Fail,FALSE,FALSE,FALSE,0,0,2
1620,100,Fail,FALSE,FALSE,FALSE,0,0,0
1621,100,Win,FALSE,FALSE,FALSE,0,0,1
1622,100,Fail,TRUE,FALSE,FALSE,2,0,0
1623,100,Fail,TRUE,FALSE,FALSE,0,0,0
1624,100,Fail,FALSE,FALSE,TRUE,0,0,1
1625,100,Win,FALSE,FALSE,FALSE,0,0,0
1626,100,Fail,FALSE,FALSE,FALSE,0,0,0
1627,100,Fail,TRUE,FALSE,FALSE,0,0,0
1628,100,Fail,FALSE,FALSE,FALSE,0,0,0
1629,100,Fail,FALSE,FALSE,FALSE,2,0,0
1630,100,Fail,TRUE,TRUE,TRUE,1,1,4
1631,100,Fail,TRUE,FALSE,TRUE,0,0,1
1632,100,Win,TRUE,TRUE,FALSE,0,1,2
1633,100,Fail,FALSE,FALSE,FALSE,0,0,0
1634,100,Fail,TRUE,FALSE,FALSE,0,0,1
1635,100,Fail,FALSE,FALSE,FALSE,0,0,1
1636,100,Win,TRUE,FALSE,TRUE,2,0,1
1637,100,Fail,FALSE,FALSE,FALSE,0,0,0
1638,100,Win,TRUE,FALSE,FALSE,2,0,0
1639,100,Fail,FALSE,FALSE,TRUE,0,0,1
1640,100,Fail,TRUE,FALSE,FALSE,0,0,2
1641,100,Fail,FALSE,FALSE,FALSE,0,0,1
1642,100,Win,TRUE,FALSE,FALSE,0,1,2
1643,100,Win,TRUE,FALSE,TRUE,0,0,2
1644,100,Win,FALSE,FALSE,TRUE,1,0,2
1645,100,Win,TRUE,FALSE,FALSE,2,1,1
1646,100,Fail,TRUE,FALSE,FALSE,1,0,2
1647,100,Win,FALSE,FALSE,TRUE,1,2,4
1648,100,Win,FALSE,FALSE,TRUE,2,0,3
1649,100,Win,TRUE,FALSE,FALSE,2,0,1
1650,100,Fail,FALSE,FALSE,FALSE,0,0,0
1651,100,Win,TRUE,FALSE,TRUE,0,0,2
1652,100,Win,FALSE,FALSE,FALSE,1,0,0
1653,100,Win,TRUE,FALSE,FALSE,2,1,1
1654,100,Fail,FALSE,FALSE,FALSE,0,0,0
1655,100,Win,FALSE,TRUE,FALSE,1,1,2
1656,100,Fail,FALSE,FALSE,FALSE,0,0,0
1657,100,Win,TRUE,TRUE,TRUE,3,1,3
1658,100,Win,FALSE,FALSE,TRUE,2,0,3
1659,100,Fail,TRUE,FALSE,FALSE,0,0,0
1660,100,Fail,TRUE,FALSE,FALSE,1,0,0
1661,100,Win,TRUE,FALSE,FALSE,2,0,0
1662,100,Win,TRUE,FALSE,FALSE,2,0,0
1663,100,Win,FALSE,FALSE,FALSE,3,0,0
1664,100,Fail,TRUE,TRUE,TRUE,0,1,1
1665,100,Win,TRUE,FALSE,TRUE,2,0,3
1666,100,Fail,TRUE,FALSE,FALSE,3,0,1
1667,100,Win,TRUE,FALSE,FALSE,1,0,2
1668,100,Win,TRUE,FALSE,FALSE,2,0,0
1669,100,Win,FALSE,FALSE,FALSE,1,0,0
1670,100,Fail,FALSE,FALSE,FALSE,0,0,0
1671,100,Fail,TRUE,FALSE,FALSE,2,0,0
1672,100,Fail,FALSE,FALSE,FALSE,0,0,0
1673,100,Fail,TRUE,FALSE,FALSE,0,0,1
1674,100,Fail,TRUE,FALSE,FALSE,1,0,0
1675,100,Fail,TRUE,FALSE,FALSE,0,0,0
1676,100,Fail,TRUE,FALSE,FALSE,0,0,0
1677,100,Win,TRUE,FALSE,FALSE,2,0,0
1678,100,Win,TRUE,TRUE,FALSE,0,1,2
1679,100,Win,FALSE,FALSE,TRUE,1,0,3
1680,100,Win,FALSE,FALSE,FALSE,0,0,0
1681,100,Win,TRUE,FALSE,TRUE,0,0,2
1682,100,Win,TRUE,TRUE,TRUE,1,1,2
1683,100,Fail,TRUE,FALSE,TRUE,0,0,3
1684,100,Win,FALSE,TRUE,FALSE,2,1,1
1685,100,Fail,FALSE,FALSE,FALSE,0,0,1
1686,100,Fail,FALSE,FALSE,FALSE,0,0,1
1687,100,Win,FALSE,TRUE,FALSE,1,1,0
1688,100,Win,FALSE,FALSE,FALSE,5,1,3
1689,100,Fail,FALSE,FALSE,TRUE,0,0,2
1690,100,Win,TRUE,TRUE,TRUE,2,1,3
1691,100,Fail,FALSE,FALSE,FALSE,0,0,0
1692,100,Fail,FALSE,FALSE,FALSE,0,0,0
1693,100,Fail,FALSE,FALSE,TRUE,0,0,1
1694,100,Fail,FALSE,FALSE,TRUE,0,0,3
1695,100,Win,TRUE,FALSE,FALSE,1,0,0
1696,100,Fail,FALSE,TRUE,FALSE,0,1,1
1697,100,Fail,FALSE,FALSE,FALSE,0,0,1
1698,100,Win,TRUE,TRUE,TRUE,1,1,2
1699,100,Win,TRUE,FALSE,TRUE,2,0,3
1700,100,Win,FALSE,FALSE,FALSE,0,0,1
1701,100,Win,TRUE,FALSE,TRUE,3,1,5
1702,100,Win,TRUE,TRUE,FALSE,1,1,1
1703,100,Win,TRUE,TRUE,TRUE,1,1,4
1704,100,Win,TRUE,FALSE,FALSE,0,0,0
1705,100,Win,FALSE,FALSE,TRUE,0,0,2
1706,100,Win,FALSE,TRUE,FALSE,0,2,2
1707,100,Fail,FALSE,FALSE,FALSE,0,0,0
1708,100,Fail,FALSE,FALSE,FALSE,1,0,1
1709,100,Fail,FALSE,FALSE,FALSE,0,0,0
1710,100,Fail,FALSE,FALSE,FALSE,0,0,0
1711,100,Fail,TRUE,FALSE,FALSE,0,0,2
1712,100,Fail,TRUE,FALSE,TRUE,0,0,1
1713,100,Win,TRUE,FALSE,TRUE,0,0,1
1714,100,Win,TRUE,TRUE,FALSE,1,1,1
1715,100,Win,FALSE,FALSE,TRUE,0,0,2
1716,100,Fail,FALSE,FALSE,FALSE,0,0,0
1717,100,Win,FALSE,TRUE,TRUE,0,1,4
1718,100,Win,TRUE,TRUE,TRUE,1,1,4
1719,100,Win,FALSE,TRUE,TRUE,2,2,3
1720,100,Fail,TRUE,FALSE,FALSE,0,0,0
1721,100,Fail,FALSE,FALSE,FALSE,0,0,1
1722,100,Fail,TRUE,FALSE,TRUE,0,0,2
1723,100,Fail,FALSE,FALSE,FALSE,0,0,1
1724,100,Fail,FALSE,FALSE,FALSE,0,0,0
1725,100,Fail,TRUE,TRUE,FALSE,0,1,1
1726,100,Fail,TRUE,FALSE,TRUE,0,0,1
1727,100,Fail,TRUE,FALSE,FALSE,0,0,1
1728,100,Win,TRUE,TRUE,FALSE,1,1,1
1729,100,Fail,TRUE,FALSE,TRUE,0,0,3
1730,100,Fail,FALSE,FALSE,FALSE,0,0,0
1731,100,Fail,TRUE,TRUE,FALSE,0,1,0
1732,100,Fail,FALSE,FALSE,FALSE,0,0,2
1733,100,Win,TRUE,FALSE,FALSE,0,0,0
1734,100,Win,TRUE,FALSE,TRUE,1,0,4
1735,100,Fail,TRUE,FALSE,FALSE,0,0,0
1736,100,Win,TRUE,FALSE,TRUE,0,0,1
1737,100,Fail,TRUE,FALSE,FALSE,0,0,2
1738,100,Win,FALSE,FALSE,FALSE,0,0,2
1739,100,Win,TRUE,FALSE,TRUE,0,0,2
1740,100,Win,TRUE,FALSE,FALSE,0,0,0
1741,100,Fail,TRUE,FALSE,TRUE,0,0,1
1742,100,Fail,TRUE,FALSE,FALSE,0,0,1
1743,100,Win,FALSE,FALSE,FALSE,0,0,1
1744,100,Fail,TRUE,FALSE,FALSE,1,0,0
1745,100,Win,TRUE,FALSE,FALSE,0,0,2
1746,100,Fail,TRUE,FALSE,TRUE,0,0,1
1747,100,Win,TRUE,FALSE,TRUE,0,0,2
1748,100,Fail,TRUE,FALSE,TRUE,0,1,2
1749,100,Win,TRUE,TRUE,TRUE,1,1,3
1750,100,Fail,FALSE,FALSE,FALSE,0,0,1
1751,100,Win,TRUE,TRUE,TRUE,1,1,1
1752,100,Win,FALSE,FALSE,TRUE,1,0,4
1753,100,Win,TRUE,TRUE,TRUE,1,1,4
1754,100,Win,FALSE,FALSE,FALSE,1,0,2
1755,100,Fail,FALSE,FALSE,FALSE,0,0,0
1756,100,Win,TRUE,FALSE,TRUE,0,0,1
1757,100,Win,FALSE,FALSE,TRUE,0,0,2
1758,100,Fail,TRUE,FALSE,FALSE,1,0,2
1759,100,Win,TRUE,FALSE,FALSE,0,0,1
1760,100,Fail,FALSE,FALSE,FALSE,1,0,3
1761,100,Fail,TRUE,FALSE,FALSE,0,0,1
1762,100,Fail,TRUE,FALSE,FALSE,0,0,0
1763,100,Fail,FALSE,FALSE,FALSE,0,0,0
1764,100,Fail,FALSE,FALSE,TRUE,0,0,1
1765,100,Fail,FALSE,FALSE,FALSE,0,0,0
1766,100,Fail,FALSE,FALSE,FALSE,0,0,1
1767,100,Fail,TRUE,FALSE,FALSE,0,1,0
1768,100,Fail,FALSE,FALSE,FALSE,0,0,1
1769,100,Fail,FALSE,FALSE,TRUE,0,0,1
1770,100,Win,FALSE,FALSE,TRUE,0,0,1
1771,100,Fail,FALSE,FALSE,FALSE,0,0,0
1772,100,Win,FALSE,FALSE,FALSE,0,0,0
1773,100,Fail,FALSE,TRUE,FALSE,0,1,2
1774,100,Win,FALSE,TRUE,FALSE,1,1,2
1775,100,Fail,FALSE,FALSE,FALSE,0,0,0
1776,100,Fail,FALSE,FALSE,FALSE,0,0,0
1777,100,Win,FALSE,FALSE,TRUE,1,0,1
1778,100,Fail,FALSE,FALSE,FALSE,0,0,0
1779,100,Win,FALSE,TRUE,TRUE,0,1,3
1780,100,Fail,TRUE,TRUE,TRUE,2,1,2
1781,100,Win,TRUE,TRUE,TRUE,3,1,4
1782,100,Win,TRUE,TRUE,TRUE,1,1,4
1783,100,Fail,TRUE,FALSE,FALSE,0,0,0
1784,100,Fail,TRUE,FALSE,FALSE,0,0,1
1785,100,Win,FALSE,TRUE,FALSE,2,1,3
1786,100,Win,TRUE,TRUE,TRUE,1,1,4
1787,100,Fail,FALSE,FALSE,FALSE,0,0,1
1788,100,Fail,TRUE,FALSE,TRUE,0,0,1
1789,100,Win,FALSE,FALSE,TRUE,0,0,1
1790,100,Win,TRUE,FALSE,FALSE,0,0,2
1791,100,Win,TRUE,TRUE,TRUE,1,1,3
1792,100,Fail,FALSE,FALSE,FALSE,0,0,0
1793,100,Fail,TRUE,FALSE,FALSE,0,0,2
1794,100,Win,TRUE,TRUE,TRUE,2,1,3
1795,100,Fail,TRUE,FALSE,TRUE,0,0,2
1796,100,Fail,FALSE,FALSE,TRUE,0,0,2
1797,100,Win,FALSE,FALSE,FALSE,1,0,2
1798,100,Win,FALSE,TRUE,FALSE,1,1,2
1799,100,Win,TRUE,TRUE,TRUE,1,1,2
1800,100,Fail,FALSE,FALSE,FALSE,0,0,1
1801,100,Fail,FALSE,FALSE,TRUE,0,0,2
1802,100,Win,FALSE,TRUE,TRUE,1,1,3
1803,100,Fail,FALSE,FALSE,FALSE,0,0,0
1804,100,Win,TRUE,TRUE,FALSE,0,2,2
1805,100,Win,FALSE,TRUE,FALSE,1,1,1
1806,100,Fail,FALSE,FALSE,FALSE,0,0,0
1807,100,Win,FALSE,FALSE,FALSE,0,0,1
1808,100,Fail,TRUE,FALSE,FALSE,0,0,0
1809,100,Fail,TRUE,TRUE,TRUE,0,1,2
1810,100,Win,FALSE,TRUE,FALSE,1,1,1
1811,100,Fail,FALSE,FALSE,FALSE,0,0,0
1812,100,Fail,TRUE,FALSE,TRUE,1,1,3
1813,100,Fail,FALSE,FALSE,TRUE,0,0,2
1814,100,Win,TRUE,FALSE,TRUE,0,0,2
1815,100,Fail,FALSE,FALSE,TRUE,0,0,1
1816,100,Win,FALSE,TRUE,TRUE,2,1,4
1817,100,Fail,FALSE,FALSE,FALSE,0,0,0
1818,100,Win,TRUE,TRUE,FALSE,1,2,2
1819,100,Fail,FALSE,FALSE,FALSE,0,0,0
1820,100,Win,TRUE,FALSE,TRUE,0,0,1
1821,100,Win,TRUE,TRUE,TRUE,0,1,3
1822,100,Win,TRUE,FALSE,TRUE,1,0,2
1823,100,Win,TRUE,TRUE,TRUE,1,1,4
1824,100,Fail,FALSE,FALSE,FALSE,0,0,0
1825,100,Fail,FALSE,FALSE,FALSE,0,0,0
1826,100,Win,FALSE,TRUE,TRUE,1,2,3
1827,100,Win,TRUE,FALSE,TRUE,1,0,5
1828,100,Fail,TRUE,FALSE,TRUE,0,0,1
1829,100,Fail,FALSE,FALSE,FALSE,1,0,1
1830,100,Fail,FALSE,FALSE,TRUE,0,0,2
1831,100,Win,FALSE,TRUE,FALSE,1,1,2
1832,100,Win,TRUE,TRUE,FALSE,1,1,1
1833,100,Win,TRUE,FALSE,TRUE,3,0,3
1834,100,Fail,TRUE,FALSE,FALSE,0,0,1
1835,100,Win,FALSE,FALSE,TRUE,1,0,4
1836,100,Win,FALSE,TRUE,FALSE,1,1,1
1837,100,Fail,FALSE,FALSE,FALSE,0,0,0
1838,100,Win,TRUE,FALSE,TRUE,1,0,1
1839,100,Fail,FALSE,FALSE,FALSE,0,0,0
1840,100,Fail,FALSE,FALSE,FALSE,0,0,0
1841,100,Win,TRUE,FALSE,TRUE,0,0,2
1842,100,Fail,TRUE,FALSE,FALSE,0,0,1
1843,100,Win,TRUE,FALSE,FALSE,0,0,0
1844,100,Fail,FALSE,FALSE,FALSE,0,0,0
1845,100,Fail,FALSE,FALSE,FALSE,0,0,0
1846,100,Fail,FALSE,FALSE,FALSE,0,0,0
1847,100,Win,FALSE,FALSE,TRUE,0,0,2
1848,100,Fail,FALSE,TRUE,FALSE,1,2,0
1849,100,Fail,TRUE,FALSE,FALSE,0,0,1
1850,100,Win,TRUE,FALSE,FALSE,0,0,0
1851,100,Win,TRUE,FALSE,FALSE,0,0,0
1852,100,Win,FALSE,TRUE,FALSE,2,1,4
1853,100,Fail,FALSE,FALSE,FALSE,0,0,0
1854,100,Win,FALSE,TRUE,FALSE,2,1,2
1855,100,Win,TRUE,TRUE,TRUE,1,1,2
1856,100,Fail,FALSE,FALSE,FALSE,0,0,0
1857,100,Win,FALSE,TRUE,FALSE,0,1,2
1858,100,Win,FALSE,TRUE,TRUE,1,1,3
1859,100,Win,TRUE,TRUE,FALSE,1,1,2
1860,100,Win,TRUE,FALSE,TRUE,1,0,4
1861,100,Fail,TRUE,FALSE,FALSE,0,0,1
1862,100,Fail,TRUE,FALSE,FALSE,0,0,0
1863,100,Fail,FALSE,FALSE,FALSE,0,0,1
1864,100,Win,FALSE,FALSE,FALSE,0,0,1
1865,100,Fail,FALSE,FALSE,TRUE,0,0,2
1866,100,Fail,TRUE,FALSE,FALSE,0,0,0
1867,100,Fail,TRUE,FALSE,TRUE,0,0,2
1868,100,Fail,FALSE,FALSE,FALSE,0,0,0
1869,100,Fail,TRUE,FALSE,FALSE,0,0,1
1870,100,Win,FALSE,TRUE,FALSE,1,1,1
1871,100,Win,TRUE,TRUE,TRUE,1,1,2
1872,100,Win,TRUE,FALSE,TRUE,0,0,2
1873,100,Win,TRUE,TRUE,TRUE,1,1,2
1874,100,Fail,FALSE,FALSE,FALSE,0,0,1
1875,100,Win,FALSE,FALSE,TRUE,1,0,2
1876,100,Fail,TRUE,FALSE,TRUE,0,0,1
1877,100,Win,TRUE,FALSE,TRUE,0,0,2
1878,100,Win,TRUE,TRUE,TRUE,2,1,3
1879,100,Fail,TRUE,FALSE,TRUE,0,0,3
1880,100,Fail,FALSE,FALSE,FALSE,0,0,0
1881,100,Fail,TRUE,FALSE,TRUE,1,0,3
1882,100,Fail,FALSE,FALSE,TRUE,0,0,1
1883,100,Win,TRUE,TRUE,TRUE,2,1,3
1884,100,Fail,FALSE,FALSE,TRUE,0,0,2
1885,100,Fail,TRUE,FALSE,FALSE,0,0,0
1886,100,Win,TRUE,FALSE,TRUE,1,0,2
1887,100,Win,TRUE,TRUE,FALSE,1,2,2
1888,100,Fail,FALSE,FALSE,FALSE,0,0,0
1889,100,Fail,TRUE,FALSE,FALSE,0,0,0
1890,100,Win,TRUE,FALSE,TRUE,0,0,3
1891,100,Fail,TRUE,FALSE,FALSE,0,0,0
1892,100,Win,TRUE,TRUE,TRUE,0,2,3
1893,100,Win,TRUE,TRUE,TRUE,1,1,4
1894,100,Fail,FALSE,FALSE,TRUE,0,0,3
1895,100,Win,FALSE,FALSE,FALSE,0,0,1
1896,100,Win,FALSE,FALSE,TRUE,0,0,2
1897,100,Win,FALSE,TRUE,FALSE,1,2,0
1898,100,Fail,TRUE,FALSE,FALSE,0,0,1
1899,100,Fail,FALSE,FALSE,FALSE,0,0,0
1900,100,Win,FALSE,FALSE,TRUE,0,0,4
1901,100,Fail,TRUE,FALSE,FALSE,0,0,2
1902,100,Fail,FALSE,FALSE,FALSE,0,0,0
1903,100,Fail,FALSE,FALSE,FALSE,0,0,0
1904,100,Fail,TRUE,FALSE,FALSE,0,0,0
1905,100,Win,FALSE,TRUE,FALSE,2,1,2
1906,100,Fail,TRUE,FALSE,FALSE,0,0,0
1907,100,Win,TRUE,TRUE,FALSE,2,2,2
1908,100,Win,FALSE,FALSE,FALSE,1,0,0
1909,100,Win,FALSE,TRUE,TRUE,1,1,4
1910,100,Win,FALSE,TRUE,FALSE,0,1,1
1911,100,Fail,TRUE,FALSE,FALSE,0,0,0
1912,100,Win,TRUE,FALSE,FALSE,1,0,2
1913,100,Win,TRUE,FALSE,TRUE,0,0,1
1914,100,Fail,TRUE,FALSE,TRUE,0,0,1
1915,100,Win,TRUE,TRUE,FALSE,2,1,2
1916,100,Win,FALSE,FALSE,TRUE,0,0,3
1917,100,Win,TRUE,TRUE,FALSE,2,1,2
1918,100,Win,FALSE,FALSE,FALSE,2,0,2
1919,100,Fail,TRUE,FALSE,FALSE,0,0,0
1920,100,Fail,TRUE,FALSE,TRUE,1,0,1
1921,100,Win,FALSE,FALSE,FALSE,2,0,2
1922,100,Fail,FALSE,FALSE,TRUE,0,0,1
1923,100,Fail,TRUE,FALSE,FALSE,0,0,0
1924,100,Fail,TRUE,FALSE,TRUE,0,0,2
1925,100,Fail,FALSE,FALSE,FALSE,0,0,1
1926,100,Win,FALSE,TRUE,FALSE,3,1,1
1927,100,Fail,TRUE,FALSE,FALSE,0,0,0
1928,100,Fail,TRUE,FALSE,TRUE,0,0,2
1929,100,Win,TRUE,TRUE,FALSE,2,1,2
1930,100,Fail,TRUE,FALSE,FALSE,0,0,2
1931,100,Fail,TRUE,FALSE,FALSE,0,0,0
1932,100,Win,TRUE,FALSE,TRUE,0,0,4
1933,100,Fail,TRUE,FALSE,FALSE,0,0,0
1934,100,Win,FALSE,FALSE,FALSE,0,0,3
1935,100,Fail,TRUE,FALSE,TRUE,1,0,3
1936,100,Fail,FALSE,FALSE,FALSE,0,0,0
1937,100,Fail,TRUE,TRUE,FALSE,0,1,1
1938,100,Fail,FALSE,FALSE,TRUE,0,0,1
1939,100,Win,TRUE,FALSE,TRUE,0,0,3
1940,100,Win,TRUE,TRUE,TRUE,2,1,3
1941,100,Win,TRUE,FALSE,TRUE,1,0,2
1942,100,Win,TRUE,TRUE,FALSE,1,1,2
1943,100,Win,TRUE,FALSE,FALSE,0,0,1
1944,100,Win,FALSE,FALSE,TRUE,4,1,4
1945,100,Win,TRUE,FALSE,FALSE,3,0,2
1946,100,Win,TRUE,FALSE,TRUE,0,0,2
1947,100,Fail,FALSE,FALSE,TRUE,0,0,2
1948,100,Win,FALSE,FALSE,TRUE,1,0,1
1949,100,Win,FALSE,FALSE,TRUE,0,0,2
1950,100,Fail,TRUE,FALSE,FALSE,0,0,3
1951,100,Fail,TRUE,FALSE,TRUE,0,0,1
1952,100,Win,TRUE,FALSE,TRUE,1,0,2
1953,100,Win,TRUE,FALSE,FALSE,2,0,1
1954,100,Fail,FALSE,FALSE,TRUE,0,0,1
1955,100,Win,FALSE,TRUE,TRUE,2,1,3
1956,100,Fail,FALSE,FALSE,FALSE,0,0,0
1957,100,Win,TRUE,FALSE,TRUE,2,0,1
1958,100,Fail,FALSE,FALSE,FALSE,0,0,1
1959,100,Win,FALSE,FALSE,TRUE,1,0,3
1960,100,Win,TRUE,FALSE,TRUE,1,1,2
1961,100,Fail,FALSE,FALSE,FALSE,0,0,0
1962,100,Fail,FALSE,FALSE,FALSE,0,0,0
1963,100,Win,TRUE,FALSE,FALSE,2,0,2
1964,100,Fail,TRUE,FALSE,TRUE,0,0,1
1965,100,Fail,FALSE,FALSE,FALSE,0,0,0
1966,100,Fail,FALSE,FALSE,FALSE,0,0,1
1967,100,Fail,TRUE,FALSE,FALSE,0,0,0
1968,100,Win,TRUE,FALSE,FALSE,0,0,2
1969,100,Win,TRUE,TRUE,TRUE,2,1,2
1970,100,Fail,FALSE,FALSE,FALSE,0,0,0
1971,100,Win,FALSE,FALSE,FALSE,1,0,1
1972,100,Win,FALSE,FALSE,FALSE,1,0,1
1973,100,Fail,FALSE,FALSE,FALSE,0,0,1
1974,100,Fail,FALSE,FALSE,FALSE,0,0,2
1975,100,Fail,FALSE,FALSE,TRUE,0,0,1
1976,100,Fail,FALSE,FALSE,TRUE,1,0,1
1977,100,Fail,TRUE,FALSE,TRUE,0,0,1
1978,100,Fail,TRUE,FALSE,TRUE,0,0,1
1979,100,Win,TRUE,FALSE,TRUE,0,0,1
1980,100,Win,TRUE,FALSE,FALSE,1,0,1
1981,100,Win,TRUE,FALSE,TRUE,1,0,2
1982,100,Fail,TRUE,FALSE,FALSE,1,0,0
1983,100,Fail,FALSE,FALSE,FALSE,0,0,0
1984,100,Win,TRUE,FALSE,TRUE,2,1,3
1985,100,Win,TRUE,TRUE,TRUE,4,2,4
1986,100,Win,TRUE,TRUE,FALSE,2,1,1
1987,100,Win,FALSE,FALSE,TRUE,1,0,3
1988,100,Win,TRUE,TRUE,TRUE,2,3,3
1989,100,Fail,FALSE,FALSE,FALSE,0,0,0
1990,100,Fail,TRUE,FALSE,TRUE,0,0,2
1991,100,Fail,TRUE,FALSE,FALSE,0,0,0
1992,100,Fail,FALSE,FALSE,FALSE,0,0,1
1993,100,Win,TRUE,TRUE,TRUE,1,1,1
1994,100,Fail,FALSE,FALSE,FALSE,0,0,1
1995,100,Win,FALSE,TRUE,TRUE,5,2,5
1996,100,Win,FALSE,TRUE,FALSE,1,1,3
1997,100,Win,TRUE,FALSE,TRUE,0,0,1
1998,100,Fail,TRUE,TRUE,TRUE,0,1,2
1999,100,Win,TRUE,FALSE,FALSE,0,1,3
2000,100,Win,TRUE,TRUE,FALSE,0,1,1
